Time: 2025-02-18 00:47:51 | daxkqueue sold 263 LEATHER from spawner for 2209$ (Currency: VAULT)
Time: 2025-02-18 00:47:51 | daxkqueue sold 585 BEEF from spawner for 877$ (Currency: VAULT)
Time: 2025-02-18 01:14:24 | daxkqueue sold 297 POPPY from spawner for 74$ (Currency: VAULT)
Time: 2025-02-18 01:14:24 | daxkqueue sold 1234 IRON_INGOT from spawner for 1702$ (Currency: VAULT)
Time: 2025-02-18 01:45:55 | daxkqueue sold 5 LEATHER from spawner for 42$ (Currency: VAULT)
Time: 2025-02-18 01:45:55 | daxkqueue sold 13 BEEF from spawner for 19$ (Currency: VAULT)
Time: 2025-02-18 01:51:23 | daxkqueue sold 33 POPPY from spawner for 8$ (Currency: VAULT)
Time: 2025-02-18 01:51:23 | daxkqueue sold 124 IRON_INGOT from spawner for 334$ (Currency: VAULT)
Time: 2025-02-18 01:56:33 | daxkqueue sold 22 POPPY from spawner for 5$ (Currency: VAULT)
Time: 2025-02-18 01:56:33 | daxkqueue sold 119 IRON_INGOT from spawner for 321$ (Currency: VAULT)
Time: 2025-02-18 02:07:18 | daxkqueue sold 31 POPPY from spawner for 7$ (Currency: VAULT)
Time: 2025-02-18 02:10:01 | daxkqueue sold 106 LEATHER from spawner for 79$ (Currency: VAULT)
Time: 2025-02-18 02:10:01 | daxkqueue sold 210 BEEF from spawner for 52$ (Currency: VAULT)
Time: 2025-02-18 02:10:05 | daxkqueue sold 82 ROTTEN_FLESH from spawner for 246$ (Currency: VAULT)
Time: 2025-02-18 02:10:05 | daxkqueue sold 1 CARROT from spawner for 1$ (Currency: VAULT)
Time: 2025-02-18 02:10:16 | daxkqueue sold 15 POPPY from spawner for 3$ (Currency: VAULT)
Time: 2025-02-18 02:10:16 | daxkqueue sold 57 IRON_INGOT from spawner for 153$ (Currency: VAULT)
Time: 2025-02-18 02:11:03 | daxkqueue sold 8 POPPY from spawner for 2$ (Currency: VAULT)
Time: 2025-02-18 02:11:03 | daxkqueue sold 25 IRON_INGOT from spawner for 67$ (Currency: VAULT)
Time: 2025-02-18 02:11:47 | daxkqueue sold 120 GUNPOWDER from spawner for 600$ (Currency: VAULT)
Time: 2025-02-18 02:14:05 | daxkqueue sold 51 BLAZE_ROD from spawner for 510$ (Currency: VAULT)
Time: 2025-02-18 02:14:08 | daxkqueue sold 37 SPIDER_EYE from spawner for 55$ (Currency: VAULT)
Time: 2025-02-18 02:14:08 | daxkqueue sold 121 STRING from spawner for 42$ (Currency: VAULT)
Time: 2025-02-18 02:14:10 | daxkqueue sold 27 ROTTEN_FLESH from spawner for 81$ (Currency: VAULT)
Time: 2025-02-18 02:14:12 | daxkqueue sold 36 LEATHER from spawner for 27$ (Currency: VAULT)
Time: 2025-02-18 02:14:12 | daxkqueue sold 45 BEEF from spawner for 11$ (Currency: VAULT)
Time: 2025-02-18 02:15:34 | daxkqueue sold 21 BONE from spawner for 31$ (Currency: VAULT)
Time: 2025-02-18 02:15:34 | daxkqueue sold 16 ARROW from spawner for 12$ (Currency: VAULT)
Time: 2025-02-18 02:16:11 | daxkqueue sold 17 IRON_INGOT from spawner for 102$ (Currency: VAULT)
Time: 2025-02-18 02:16:11 | daxkqueue sold 27 POPPY from spawner for 6$ (Currency: VAULT)
Time: 2025-02-18 02:16:14 | daxkqueue sold 14 GUNPOWDER from spawner for 70$ (Currency: VAULT)
Time: 2025-02-18 02:16:17 | daxkqueue sold 2 BLAZE_ROD from spawner for 20$ (Currency: VAULT)
Time: 2025-02-18 02:16:19 | daxkqueue sold 5 STRING from spawner for 1$ (Currency: VAULT)
Time: 2025-02-18 02:16:19 | daxkqueue sold 1 SPIDER_EYE from spawner for 1$ (Currency: VAULT)
Time: 2025-02-18 02:16:21 | daxkqueue sold 1 ROTTEN_FLESH from spawner for 3$ (Currency: VAULT)
Time: 2025-02-18 02:16:23 | daxkqueue sold 4 LEATHER from spawner for 3$ (Currency: VAULT)
Time: 2025-02-18 02:16:23 | daxkqueue sold 10 BEEF from spawner for 2$ (Currency: VAULT)
Time: 2025-02-18 02:16:40 | daxkqueue sold 3 BONE from spawner for 4$ (Currency: VAULT)
Time: 2025-02-18 02:16:40 | daxkqueue sold 8 ARROW from spawner for 6$ (Currency: VAULT)
Time: 2025-02-18 02:17:53 | daxkqueue sold 21 IRON_INGOT from spawner for 126$ (Currency: VAULT)
Time: 2025-02-18 02:17:53 | daxkqueue sold 7 POPPY from spawner for 1$ (Currency: VAULT)
Time: 2025-02-18 02:19:15 | daxkqueue sold 11 IRON_INGOT from spawner for 66$ (Currency: VAULT)
Time: 2025-02-18 02:19:15 | daxkqueue sold 4 POPPY from spawner for 1$ (Currency: VAULT)
Time: 2025-02-18 02:20:52 | daxkqueue sold 8015 IRON_INGOT from spawner for 48K$ (Currency: VAULT)
Time: 2025-02-18 02:20:52 | daxkqueue sold 2041 POPPY from spawner for 510$ (Currency: VAULT)
Time: 2025-02-18 02:42:07 | daxkqueue sold 6 ARROW from spawner for 4$ (Currency: VAULT)
Time: 2025-02-18 02:42:07 | daxkqueue sold 7 BONE from spawner for 10$ (Currency: VAULT)
Time: 2025-02-23 23:25:59 | daxkqueue sold 26 IRON_INGOT from spawner for 156$ (Currency: VAULT)
Time: 2025-02-23 23:25:59 | daxkqueue sold 4 POPPY from spawner for 1$ (Currency: VAULT)
Time: 2025-02-23 23:26:04 | daxkqueue sold 17 IRON_INGOT from spawner for 102$ (Currency: VAULT)
Time: 2025-02-23 23:26:04 | daxkqueue sold 5 POPPY from spawner for 1$ (Currency: VAULT)
Time: 2025-02-23 23:26:30 | daxkqueue sold 57 IRON_INGOT from spawner for 342$ (Currency: VAULT)
Time: 2025-02-23 23:26:30 | daxkqueue sold 15 POPPY from spawner for 3$ (Currency: VAULT)
Time: 2025-02-23 23:26:33 | daxkqueue sold 11 GUNPOWDER from spawner for 55$ (Currency: VAULT)
Time: 2025-02-23 23:26:39 | daxkqueue sold 10 BLAZE_ROD from spawner for 100$ (Currency: VAULT)
Time: 2025-02-23 23:26:42 | daxkqueue sold 11 BONE from spawner for 16$ (Currency: VAULT)
Time: 2025-02-23 23:26:42 | daxkqueue sold 15 ARROW from spawner for 11$ (Currency: VAULT)
Time: 2025-02-23 23:26:58 | daxkqueue sold 11 SPIDER_EYE from spawner for 16$ (Currency: VAULT)
Time: 2025-02-23 23:26:58 | daxkqueue sold 20 STRING from spawner for 7$ (Currency: VAULT)
Time: 2025-02-23 23:27:01 | daxkqueue sold 25 ROTTEN_FLESH from spawner for 75$ (Currency: VAULT)
Time: 2025-02-23 23:27:05 | daxkqueue sold 20 BEEF from spawner for 5$ (Currency: VAULT)
Time: 2025-02-23 23:27:05 | daxkqueue sold 7 LEATHER from spawner for 5$ (Currency: VAULT)
Time: 2025-02-23 23:27:13 | daxkqueue sold 30 IRON_INGOT from spawner for 180$ (Currency: VAULT)
Time: 2025-02-23 23:27:13 | daxkqueue sold 6 POPPY from spawner for 1$ (Currency: VAULT)
Time: 2025-02-23 23:27:18 | daxkqueue sold 17 IRON_INGOT from spawner for 102$ (Currency: VAULT)
Time: 2025-02-23 23:27:18 | daxkqueue sold 5 POPPY from spawner for 1$ (Currency: VAULT)
Time: 2025-02-23 23:36:33 | daxkqueue sold 82 IRON_INGOT from spawner for 492$ (Currency: VAULT)
Time: 2025-02-23 23:36:33 | daxkqueue sold 14 POPPY from spawner for 3$ (Currency: VAULT)
Time: 2025-02-23 23:36:35 | daxkqueue sold 14 GUNPOWDER from spawner for 70$ (Currency: VAULT)
Time: 2025-02-23 23:36:37 | daxkqueue sold 9 BLAZE_ROD from spawner for 90$ (Currency: VAULT)
Time: 2025-02-23 23:36:40 | daxkqueue sold 18 BONE from spawner for 27$ (Currency: VAULT)
Time: 2025-02-23 23:36:40 | daxkqueue sold 21 ARROW from spawner for 15$ (Currency: VAULT)
Time: 2025-02-23 23:36:42 | daxkqueue sold 5 SPIDER_EYE from spawner for 7$ (Currency: VAULT)
Time: 2025-02-23 23:36:42 | daxkqueue sold 17 STRING from spawner for 5$ (Currency: VAULT)
Time: 2025-02-23 23:36:44 | daxkqueue sold 29 ROTTEN_FLESH from spawner for 87$ (Currency: VAULT)
Time: 2025-02-23 23:36:46 | daxkqueue sold 40 BEEF from spawner for 10$ (Currency: VAULT)
Time: 2025-02-23 23:36:46 | daxkqueue sold 17 LEATHER from spawner for 12$ (Currency: VAULT)
Time: 2025-02-28 16:30:47 | daxkqueue sold 17 ROTTEN_FLESH from spawner for 51$ (Currency: VAULT)
Time: 2025-02-28 16:35:19 | BravePLN23 sold 26 ROTTEN_FLESH from spawner for 78$ (Currency: VAULT)
Time: 2025-02-28 16:44:30 | BravePLN23 sold 17 ROTTEN_FLESH from spawner for 51$ (Currency: VAULT)
Time: 2025-02-28 16:45:02 | daxkqueue sold 36 ARROW from spawner for 27$ (Currency: VAULT)
Time: 2025-02-28 16:52:10 | daxkqueue sold 47 ROTTEN_FLESH from spawner for 141$ (Currency: VAULT)
Time: 2025-02-28 16:52:23 | BravePLN23 sold 3 ROTTEN_FLESH from spawner for 9$ (Currency: VAULT)
Time: 2025-02-28 17:04:11 | daxkqueue sold 34 BONE from spawner for 51$ (Currency: VAULT)
Time: 2025-02-28 17:04:11 | daxkqueue sold 49 ARROW from spawner for 36$ (Currency: VAULT)
Time: 2025-02-28 17:06:42 | BravePLN23 sold 2 CARROT from spawner for 2$ (Currency: VAULT)
Time: 2025-02-28 17:06:42 | BravePLN23 sold 62 ROTTEN_FLESH from spawner for 186$ (Currency: VAULT)
Time: 2025-02-28 17:08:23 | BravePLN23 sold 8 ROTTEN_FLESH from spawner for 24$ (Currency: VAULT)
Time: 2025-02-28 17:15:45 | daxkqueue sold 10 POPPY from spawner for 2$ (Currency: VAULT)
Time: 2025-02-28 17:15:45 | daxkqueue sold 59 IRON_INGOT from spawner for 354$ (Currency: VAULT)
Time: 2025-02-28 17:16:22 | daxkqueue sold 2 POPPY from spawner for 0$ (Currency: VAULT)
Time: 2025-02-28 17:16:22 | daxkqueue sold 3 IRON_INGOT from spawner for 18$ (Currency: VAULT)
Time: 2025-02-28 17:24:45 | daxkqueue sold 24 POPPY from spawner for 6$ (Currency: VAULT)
Time: 2025-02-28 17:24:45 | daxkqueue sold 76 IRON_INGOT from spawner for 456$ (Currency: VAULT)
Time: 2025-02-28 17:25:05 | BravePLN23 sold 1 CARROT from spawner for 1$ (Currency: VAULT)
Time: 2025-02-28 17:25:05 | BravePLN23 sold 43 ROTTEN_FLESH from spawner for 129$ (Currency: VAULT)
Time: 2025-02-28 17:25:18 | daxkqueue sold 15 POPPY from spawner for 3$ (Currency: VAULT)
Time: 2025-02-28 17:25:18 | daxkqueue sold 52 IRON_INGOT from spawner for 312$ (Currency: VAULT)
Time: 2025-02-28 20:25:18 | daxkqueue sold 68 IRON_INGOT from spawner for 408$ (Currency: VAULT)
Time: 2025-02-28 20:25:18 | daxkqueue sold 27 POPPY from spawner for 6$ (Currency: VAULT)
Time: 2025-02-28 20:25:50 | daxkqueue sold 31 IRON_INGOT from spawner for 186$ (Currency: VAULT)
Time: 2025-02-28 20:25:50 | daxkqueue sold 7 POPPY from spawner for 1$ (Currency: VAULT)
Time: 2025-02-28 20:28:52 | daxkqueue sold 196 IRON_INGOT from spawner for 1176$ (Currency: VAULT)
Time: 2025-02-28 20:28:52 | daxkqueue sold 51 POPPY from spawner for 12$ (Currency: VAULT)
Time: 2025-02-28 20:31:46 | daxkqueue sold 175 IRON_INGOT from spawner for 1050$ (Currency: VAULT)
Time: 2025-02-28 20:31:46 | daxkqueue sold 40 POPPY from spawner for 10$ (Currency: VAULT)
Time: 2025-02-28 20:39:38 | BravePLN23 sold 190 ROTTEN_FLESH from spawner for 570$ (Currency: VAULT)
Time: 2025-02-28 20:39:38 | BravePLN23 sold 3 POTATO from spawner for 3$ (Currency: VAULT)
Time: 2025-02-28 20:39:38 | BravePLN23 sold 1 CARROT from spawner for 1$ (Currency: VAULT)
Time: 2025-02-28 20:39:38 | BravePLN23 sold 2 IRON_INGOT from spawner for 12$ (Currency: VAULT)
Time: 2025-02-28 20:45:31 | BravePLN23 sold 19 BONE from spawner for 28$ (Currency: VAULT)
Time: 2025-02-28 20:45:31 | BravePLN23 sold 15 ARROW from spawner for 11$ (Currency: VAULT)
Time: 2025-02-28 20:45:55 | BravePLN23 sold 1 IRON_INGOT from spawner for 6$ (Currency: VAULT)
Time: 2025-02-28 20:45:55 | BravePLN23 sold 52 ROTTEN_FLESH from spawner for 156$ (Currency: VAULT)
Time: 2025-02-28 20:53:23 | daxkqueue sold 734 IRON_INGOT from spawner for 4404$ (Currency: VAULT)
Time: 2025-02-28 20:53:23 | daxkqueue sold 195 POPPY from spawner for 48$ (Currency: VAULT)
Time: 2025-02-28 20:53:57 | daxkqueue sold 24 IRON_INGOT from spawner for 144$ (Currency: VAULT)
Time: 2025-02-28 20:53:57 | daxkqueue sold 5 POPPY from spawner for 1$ (Currency: VAULT)
Time: 2025-02-28 20:56:19 | BravePLN23 sold 98 IRON_INGOT from spawner for 588$ (Currency: VAULT)
Time: 2025-02-28 20:56:19 | BravePLN23 sold 31 POPPY from spawner for 7$ (Currency: VAULT)
Time: 2025-02-28 21:00:27 | BravePLN23 sold 44 ARROW from spawner for 33$ (Currency: VAULT)
Time: 2025-02-28 21:00:27 | BravePLN23 sold 37 BONE from spawner for 55$ (Currency: VAULT)
Time: 2025-02-28 21:02:51 | daxkqueue sold 486 IRON_INGOT from spawner for 2916$ (Currency: VAULT)
Time: 2025-02-28 21:02:51 | daxkqueue sold 112 POPPY from spawner for 28$ (Currency: VAULT)
Time: 2025-02-28 21:03:35 | daxkqueue sold 95 IRON_INGOT from spawner for 570$ (Currency: VAULT)
Time: 2025-02-28 21:03:35 | daxkqueue sold 30 POPPY from spawner for 7$ (Currency: VAULT)
Time: 2025-02-28 21:05:59 | daxkqueue sold 118 IRON_INGOT from spawner for 708$ (Currency: VAULT)
Time: 2025-02-28 21:05:59 | daxkqueue sold 31 POPPY from spawner for 7$ (Currency: VAULT)
Time: 2025-02-28 21:14:32 | daxkqueue sold 554 IRON_INGOT from spawner for 3324$ (Currency: VAULT)
Time: 2025-02-28 21:14:32 | daxkqueue sold 205 POPPY from spawner for 51$ (Currency: VAULT)
Time: 2025-02-28 21:20:55 | BravePLN23 sold 358 ROTTEN_FLESH from spawner for 1074$ (Currency: VAULT)
Time: 2025-02-28 21:20:55 | BravePLN23 sold 1 POTATO from spawner for 1$ (Currency: VAULT)
Time: 2025-02-28 21:20:55 | BravePLN23 sold 2 CARROT from spawner for 2$ (Currency: VAULT)
Time: 2025-02-28 21:20:55 | BravePLN23 sold 6 IRON_INGOT from spawner for 36$ (Currency: VAULT)
Time: 2025-02-28 21:22:40 | daxkqueue sold 727 IRON_INGOT from spawner for 4362$ (Currency: VAULT)
Time: 2025-02-28 21:22:40 | daxkqueue sold 184 POPPY from spawner for 46$ (Currency: VAULT)
Time: 2025-02-28 21:26:29 | BravePLN23 sold 3 CARROT from spawner for 3$ (Currency: VAULT)
Time: 2025-02-28 21:26:29 | BravePLN23 sold 88 ROTTEN_FLESH from spawner for 264$ (Currency: VAULT)
Time: 2025-02-28 21:26:29 | BravePLN23 sold 1 POTATO from spawner for 1$ (Currency: VAULT)
Time: 2025-02-28 21:31:09 | daxkqueue sold 676 IRON_INGOT from spawner for 4056$ (Currency: VAULT)
Time: 2025-02-28 21:31:09 | daxkqueue sold 172 POPPY from spawner for 43$ (Currency: VAULT)
Time: 2025-02-28 21:31:40 | BravePLN23 sold 1 IRON_INGOT from spawner for 6$ (Currency: VAULT)
Time: 2025-02-28 21:31:40 | BravePLN23 sold 136 ROTTEN_FLESH from spawner for 408$ (Currency: VAULT)
Time: 2025-02-28 21:31:40 | BravePLN23 sold 2 POTATO from spawner for 2$ (Currency: VAULT)
Time: 2025-02-28 21:32:59 | daxkqueue sold 90 IRON_INGOT from spawner for 540$ (Currency: VAULT)
Time: 2025-02-28 21:32:59 | daxkqueue sold 18 POPPY from spawner for 4$ (Currency: VAULT)
Time: 2025-02-28 21:39:07 | daxkqueue sold 547 IRON_INGOT from spawner for 3282$ (Currency: VAULT)
Time: 2025-02-28 21:39:07 | daxkqueue sold 144 POPPY from spawner for 36$ (Currency: VAULT)
Time: 2025-02-28 21:39:38 | BravePLN23 sold 4 BONE from spawner for 6$ (Currency: VAULT)
Time: 2025-02-28 21:39:38 | BravePLN23 sold 9 ARROW from spawner for 6$ (Currency: VAULT)
Time: 2025-02-28 21:40:26 | BravePLN23 sold 352 ROTTEN_FLESH from spawner for 1056$ (Currency: VAULT)
Time: 2025-02-28 21:40:26 | BravePLN23 sold 4 POTATO from spawner for 5$ (Currency: VAULT)
Time: 2025-02-28 21:40:26 | BravePLN23 sold 1 CARROT from spawner for 1$ (Currency: VAULT)
Time: 2025-02-28 21:40:26 | BravePLN23 sold 4 IRON_INGOT from spawner for 24$ (Currency: VAULT)
Time: 2025-02-28 21:42:09 | daxkqueue sold 293 IRON_INGOT from spawner for 1758$ (Currency: VAULT)
Time: 2025-02-28 21:42:09 | daxkqueue sold 88 POPPY from spawner for 22$ (Currency: VAULT)
Time: 2025-02-28 21:48:57 | BravePLN23 sold 237 ROTTEN_FLESH from spawner for 711$ (Currency: VAULT)
Time: 2025-02-28 21:48:57 | BravePLN23 sold 1 POTATO from spawner for 1$ (Currency: VAULT)
Time: 2025-02-28 21:48:57 | BravePLN23 sold 3 CARROT from spawner for 3$ (Currency: VAULT)
Time: 2025-02-28 21:48:57 | BravePLN23 sold 2 IRON_INGOT from spawner for 12$ (Currency: VAULT)
Time: 2025-02-28 21:52:55 | BravePLN23 sold 2 CARROT from spawner for 2$ (Currency: VAULT)
Time: 2025-02-28 21:52:55 | BravePLN23 sold 1 IRON_INGOT from spawner for 6$ (Currency: VAULT)
Time: 2025-02-28 21:52:55 | BravePLN23 sold 103 ROTTEN_FLESH from spawner for 309$ (Currency: VAULT)
Time: 2025-02-28 21:53:34 | daxkqueue sold 922 IRON_INGOT from spawner for 5532$ (Currency: VAULT)
Time: 2025-02-28 21:53:34 | daxkqueue sold 250 POPPY from spawner for 62$ (Currency: VAULT)
Time: 2025-02-28 22:07:37 | daxkqueue sold 1557 IRON_INGOT from spawner for 9342$ (Currency: VAULT)
Time: 2025-02-28 22:07:37 | daxkqueue sold 396 POPPY from spawner for 99$ (Currency: VAULT)
Time: 2025-02-28 22:11:16 | BravePLN23 sold 553 ROTTEN_FLESH from spawner for 1659$ (Currency: VAULT)
Time: 2025-02-28 22:11:16 | BravePLN23 sold 1 POTATO from spawner for 1$ (Currency: VAULT)
Time: 2025-02-28 22:11:16 | BravePLN23 sold 3 CARROT from spawner for 3$ (Currency: VAULT)
Time: 2025-02-28 22:11:16 | BravePLN23 sold 6 IRON_INGOT from spawner for 36$ (Currency: VAULT)
Time: 2025-02-28 22:17:52 | BravePLN23 sold 190 ROTTEN_FLESH from spawner for 570$ (Currency: VAULT)
Time: 2025-02-28 22:17:52 | BravePLN23 sold 2 POTATO from spawner for 2$ (Currency: VAULT)
Time: 2025-02-28 22:17:52 | BravePLN23 sold 1 CARROT from spawner for 1$ (Currency: VAULT)
Time: 2025-02-28 22:17:52 | BravePLN23 sold 1 IRON_INGOT from spawner for 6$ (Currency: VAULT)
Time: 2025-02-28 22:18:14 | BravePLN23 sold 31 BONE from spawner for 46$ (Currency: VAULT)
Time: 2025-02-28 22:18:14 | BravePLN23 sold 25 ARROW from spawner for 18$ (Currency: VAULT)
Time: 2025-02-28 22:26:39 | BravePLN23 sold 1 CARROT from spawner for 1$ (Currency: VAULT)
Time: 2025-02-28 22:26:39 | BravePLN23 sold 312 ROTTEN_FLESH from spawner for 936$ (Currency: VAULT)
Time: 2025-02-28 22:26:39 | BravePLN23 sold 1 POTATO from spawner for 1$ (Currency: VAULT)
Time: 2025-02-28 22:30:14 | BravePLN23 sold 2 CARROT from spawner for 2$ (Currency: VAULT)
Time: 2025-02-28 22:30:14 | BravePLN23 sold 2 IRON_INGOT from spawner for 12$ (Currency: VAULT)
Time: 2025-02-28 22:30:14 | BravePLN23 sold 119 ROTTEN_FLESH from spawner for 357$ (Currency: VAULT)
Time: 2025-02-28 22:33:13 | BravePLN23 sold 70 ROTTEN_FLESH from spawner for 210$ (Currency: VAULT)
Time: 2025-02-28 22:33:57 | daxkqueue sold 2453 IRON_INGOT from spawner for 15K$ (Currency: VAULT)
Time: 2025-02-28 22:33:57 | daxkqueue sold 607 POPPY from spawner for 151$ (Currency: VAULT)
Time: 2025-02-28 22:46:11 | daxkqueue sold 719 IRON_INGOT from spawner for 4314$ (Currency: VAULT)
Time: 2025-02-28 22:46:11 | daxkqueue sold 171 POPPY from spawner for 42$ (Currency: VAULT)
Time: 2025-02-28 22:57:08 | daxkqueue sold 1470 IRON_INGOT from spawner for 8820$ (Currency: VAULT)
Time: 2025-02-28 22:57:08 | daxkqueue sold 346 POPPY from spawner for 86$ (Currency: VAULT)
Time: 2025-03-01 12:29:29 | daxkqueue sold 476 IRON_INGOT from spawner for 2856$ (Currency: VAULT)
Time: 2025-03-01 12:29:29 | daxkqueue sold 121 POPPY from spawner for 30$ (Currency: VAULT)
Time: 2025-03-01 12:34:24 | BravePLN23 sold 5 CARROT from spawner for 6$ (Currency: VAULT)
Time: 2025-03-01 12:34:24 | BravePLN23 sold 6 POTATO from spawner for 7$ (Currency: VAULT)
Time: 2025-03-01 12:34:24 | BravePLN23 sold 806 ROTTEN_FLESH from spawner for 2418$ (Currency: VAULT)
Time: 2025-03-01 12:46:50 | daxkqueue sold 1053 IRON_INGOT from spawner for 6318$ (Currency: VAULT)
Time: 2025-03-01 12:46:50 | daxkqueue sold 275 POPPY from spawner for 68$ (Currency: VAULT)
Time: 2025-03-01 12:49:03 | BravePLN23 sold 127 IRON_INGOT from spawner for 762$ (Currency: VAULT)
Time: 2025-03-01 12:49:03 | BravePLN23 sold 30 POPPY from spawner for 7$ (Currency: VAULT)
Time: 2025-03-01 12:50:36 | BravePLN23 sold 2 CARROT from spawner for 2$ (Currency: VAULT)
Time: 2025-03-01 12:50:36 | BravePLN23 sold 5 POTATO from spawner for 6$ (Currency: VAULT)
Time: 2025-03-01 12:50:36 | BravePLN23 sold 1 IRON_INGOT from spawner for 6$ (Currency: VAULT)
Time: 2025-03-01 12:50:36 | BravePLN23 sold 191 ROTTEN_FLESH from spawner for 573$ (Currency: VAULT)
Time: 2025-03-01 12:53:45 | daxkqueue sold 172 IRON_INGOT from spawner for 1032$ (Currency: VAULT)
Time: 2025-03-01 12:53:45 | daxkqueue sold 37 POPPY from spawner for 9$ (Currency: VAULT)
Time: 2025-03-01 12:54:46 | daxkqueue sold 150 IRON_INGOT from spawner for 900$ (Currency: VAULT)
Time: 2025-03-01 12:54:46 | daxkqueue sold 34 POPPY from spawner for 8$ (Currency: VAULT)
Time: 2025-03-01 12:56:07 | BravePLN23 sold 246 IRON_INGOT from spawner for 1476$ (Currency: VAULT)
Time: 2025-03-01 12:56:07 | BravePLN23 sold 61 POPPY from spawner for 15$ (Currency: VAULT)
Time: 2025-03-01 12:56:53 | daxkqueue sold 29 IRON_INGOT from spawner for 174$ (Currency: VAULT)
Time: 2025-03-01 12:56:53 | daxkqueue sold 7 POPPY from spawner for 1$ (Currency: VAULT)
Time: 2025-03-01 12:57:22 | daxkqueue sold 28 IRON_INGOT from spawner for 168$ (Currency: VAULT)
Time: 2025-03-01 12:57:22 | daxkqueue sold 4 POPPY from spawner for 1$ (Currency: VAULT)
Time: 2025-03-01 13:00:10 | daxkqueue sold 414 IRON_INGOT from spawner for 2484$ (Currency: VAULT)
Time: 2025-03-01 13:00:10 | daxkqueue sold 114 POPPY from spawner for 28$ (Currency: VAULT)
Time: 2025-03-01 13:01:10 | daxkqueue sold 137 IRON_INGOT from spawner for 822$ (Currency: VAULT)
Time: 2025-03-01 13:01:10 | daxkqueue sold 41 POPPY from spawner for 10$ (Currency: VAULT)
Time: 2025-03-01 13:01:41 | daxkqueue sold 52 IRON_INGOT from spawner for 312$ (Currency: VAULT)
Time: 2025-03-01 13:01:41 | daxkqueue sold 17 POPPY from spawner for 4$ (Currency: VAULT)
Time: 2025-03-01 13:02:05 | daxkqueue sold 71 IRON_INGOT from spawner for 426$ (Currency: VAULT)
Time: 2025-03-01 13:02:05 | daxkqueue sold 15 POPPY from spawner for 3$ (Currency: VAULT)
Time: 2025-03-01 13:04:19 | daxkqueue sold 71 IRON_INGOT from spawner for 426$ (Currency: VAULT)
Time: 2025-03-01 13:04:19 | daxkqueue sold 15 POPPY from spawner for 3$ (Currency: VAULT)
Time: 2025-03-01 13:22:47 | BravePLN23 sold 11 CARROT from spawner for 13$ (Currency: VAULT)
Time: 2025-03-01 13:22:47 | BravePLN23 sold 8 POTATO from spawner for 10$ (Currency: VAULT)
Time: 2025-03-01 13:22:47 | BravePLN23 sold 4 IRON_INGOT from spawner for 24$ (Currency: VAULT)
Time: 2025-03-01 13:22:47 | BravePLN23 sold 1115 ROTTEN_FLESH from spawner for 3345$ (Currency: VAULT)
Time: 2025-03-01 13:22:54 | daxkqueue sold 163 IRON_INGOT from spawner for 978$ (Currency: VAULT)
Time: 2025-03-01 13:22:54 | daxkqueue sold 48 POPPY from spawner for 12$ (Currency: VAULT)
Time: 2025-03-01 13:25:09 | daxkqueue sold 207 IRON_INGOT from spawner for 1242$ (Currency: VAULT)
Time: 2025-03-01 13:25:09 | daxkqueue sold 52 POPPY from spawner for 13$ (Currency: VAULT)
Time: 2025-03-01 13:26:05 | daxkqueue sold 189 IRON_INGOT from spawner for 1134$ (Currency: VAULT)
Time: 2025-03-01 13:26:05 | daxkqueue sold 40 POPPY from spawner for 10$ (Currency: VAULT)
Time: 2025-03-01 13:56:38 | daxkqueue sold 3 POTATO from spawner for 3$ (Currency: VAULT)
Time: 2025-03-01 13:56:38 | daxkqueue sold 3 IRON_INGOT from spawner for 18$ (Currency: VAULT)
Time: 2025-03-01 13:56:38 | daxkqueue sold 4 CARROT from spawner for 5$ (Currency: VAULT)
Time: 2025-03-01 13:56:38 | daxkqueue sold 338 ROTTEN_FLESH from spawner for 1014$ (Currency: VAULT)
Time: 2025-03-01 13:57:40 | daxkqueue sold 50 POPPY from spawner for 12$ (Currency: VAULT)
Time: 2025-03-01 13:57:40 | daxkqueue sold 193 IRON_INGOT from spawner for 1158$ (Currency: VAULT)
Time: 2025-03-01 13:59:45 | daxkqueue sold 893 POPPY from spawner for 223$ (Currency: VAULT)
Time: 2025-03-01 13:59:45 | daxkqueue sold 3492 IRON_INGOT from spawner for 21K$ (Currency: VAULT)
Time: 2025-03-01 14:00:19 | daxkqueue sold 630 POPPY from spawner for 157$ (Currency: VAULT)
Time: 2025-03-01 14:00:19 | daxkqueue sold 2561 IRON_INGOT from spawner for 15K$ (Currency: VAULT)
Time: 2025-03-01 14:00:29 | daxkqueue sold 415 POPPY from spawner for 103$ (Currency: VAULT)
Time: 2025-03-01 14:00:29 | daxkqueue sold 1556 IRON_INGOT from spawner for 9336$ (Currency: VAULT)
Time: 2025-03-01 14:00:59 | daxkqueue sold 579 POPPY from spawner for 144$ (Currency: VAULT)
Time: 2025-03-01 14:00:59 | daxkqueue sold 2434 IRON_INGOT from spawner for 15K$ (Currency: VAULT)
Time: 2025-03-01 14:01:59 | daxkqueue sold 1252 POPPY from spawner for 313$ (Currency: VAULT)
Time: 2025-03-01 14:01:59 | daxkqueue sold 4912 IRON_INGOT from spawner for 29K$ (Currency: VAULT)
Time: 2025-03-01 14:19:47 | daxkqueue sold 8695 POPPY from spawner for 2173$ (Currency: VAULT)
Time: 2025-03-01 14:19:47 | daxkqueue sold 34856 IRON_INGOT from spawner for 209K$ (Currency: VAULT)
Time: 2025-03-01 14:21:44 | daxkqueue sold 3 POTATO from spawner for 3$ (Currency: VAULT)
Time: 2025-03-01 14:21:44 | daxkqueue sold 2 IRON_INGOT from spawner for 12$ (Currency: VAULT)
Time: 2025-03-01 14:21:44 | daxkqueue sold 5 CARROT from spawner for 6$ (Currency: VAULT)
Time: 2025-03-01 14:21:44 | daxkqueue sold 229 ROTTEN_FLESH from spawner for 687$ (Currency: VAULT)
Time: 2025-03-01 14:31:16 | Ephorai sold 5075 POPPY from spawner for 1268$ (Currency: VAULT)
Time: 2025-03-01 14:31:16 | Ephorai sold 19969 IRON_INGOT from spawner for 120K$ (Currency: VAULT)
Time: 2025-03-01 14:33:20 | daxkqueue sold 2579 POPPY from spawner for 644$ (Currency: VAULT)
Time: 2025-03-01 14:33:20 | daxkqueue sold 10323 IRON_INGOT from spawner for 62K$ (Currency: VAULT)
Time: 2025-03-01 14:36:21 | daxkqueue sold 754 POPPY from spawner for 188$ (Currency: VAULT)
Time: 2025-03-01 14:36:21 | daxkqueue sold 2936 IRON_INGOT from spawner for 18K$ (Currency: VAULT)
Time: 2025-03-01 14:41:20 | daxkqueue sold 7678 POPPY from spawner for 1919$ (Currency: VAULT)
Time: 2025-03-01 14:41:20 | daxkqueue sold 30407 IRON_INGOT from spawner for 182K$ (Currency: VAULT)
Time: 2025-03-01 14:42:56 | daxkqueue sold 2630 POPPY from spawner for 657$ (Currency: VAULT)
Time: 2025-03-01 14:42:56 | daxkqueue sold 10281 IRON_INGOT from spawner for 62K$ (Currency: VAULT)
Time: 2025-03-01 14:43:59 | daxkqueue sold 1388 POPPY from spawner for 347$ (Currency: VAULT)
Time: 2025-03-01 14:43:59 | daxkqueue sold 5491 IRON_INGOT from spawner for 33K$ (Currency: VAULT)
Time: 2025-03-01 14:46:29 | daxkqueue sold 3325 POPPY from spawner for 831$ (Currency: VAULT)
Time: 2025-03-01 14:46:29 | daxkqueue sold 13595 IRON_INGOT from spawner for 82K$ (Currency: VAULT)
Time: 2025-03-01 14:48:21 | daxkqueue sold 2599 POPPY from spawner for 649$ (Currency: VAULT)
Time: 2025-03-01 14:48:21 | daxkqueue sold 10492 IRON_INGOT from spawner for 63K$ (Currency: VAULT)
Time: 2025-03-01 14:50:07 | Kongki_ki sold 3194 POPPY from spawner for 798$ (Currency: VAULT)
Time: 2025-03-01 14:50:07 | Kongki_ki sold 12453 IRON_INGOT from spawner for 75K$ (Currency: VAULT)
Time: 2025-03-01 14:51:06 | BravePLN23 sold 9 POTATO from spawner for 11$ (Currency: VAULT)
Time: 2025-03-01 14:51:06 | BravePLN23 sold 6 IRON_INGOT from spawner for 36$ (Currency: VAULT)
Time: 2025-03-01 14:51:06 | BravePLN23 sold 10 CARROT from spawner for 12$ (Currency: VAULT)
Time: 2025-03-01 14:51:06 | BravePLN23 sold 1066 ROTTEN_FLESH from spawner for 3198$ (Currency: VAULT)
Time: 2025-03-01 14:51:58 | daxkqueue sold 2903 POPPY from spawner for 725$ (Currency: VAULT)
Time: 2025-03-01 14:51:58 | daxkqueue sold 11626 IRON_INGOT from spawner for 70K$ (Currency: VAULT)
Time: 2025-03-01 14:53:52 | daxkqueue sold 2888 POPPY from spawner for 722$ (Currency: VAULT)
Time: 2025-03-01 14:53:52 | daxkqueue sold 11741 IRON_INGOT from spawner for 70K$ (Currency: VAULT)
Time: 2025-03-01 15:03:42 | BravePLN23 sold 3 POTATO from spawner for 3$ (Currency: VAULT)
Time: 2025-03-01 15:03:42 | BravePLN23 sold 1 IRON_INGOT from spawner for 6$ (Currency: VAULT)
Time: 2025-03-01 15:03:42 | BravePLN23 sold 5 CARROT from spawner for 6$ (Currency: VAULT)
Time: 2025-03-01 15:03:42 | BravePLN23 sold 550 ROTTEN_FLESH from spawner for 1650$ (Currency: VAULT)
Time: 2025-03-01 15:04:31 | daxkqueue sold 14077 POPPY from spawner for 3519$ (Currency: VAULT)
Time: 2025-03-01 15:04:31 | daxkqueue sold 56249 IRON_INGOT from spawner for 337K$ (Currency: VAULT)
Time: 2025-03-01 15:11:30 | BravePLN23 sold 1 POTATO from spawner for 1$ (Currency: VAULT)
Time: 2025-03-01 15:11:30 | BravePLN23 sold 4 IRON_INGOT from spawner for 24$ (Currency: VAULT)
Time: 2025-03-01 15:11:30 | BravePLN23 sold 3 CARROT from spawner for 3$ (Currency: VAULT)
Time: 2025-03-01 15:11:30 | BravePLN23 sold 168 ROTTEN_FLESH from spawner for 504$ (Currency: VAULT)
Time: 2025-03-01 15:13:11 | daxkqueue sold 10073 POPPY from spawner for 2518$ (Currency: VAULT)
Time: 2025-03-01 15:13:11 | daxkqueue sold 40404 IRON_INGOT from spawner for 242K$ (Currency: VAULT)
Time: 2025-03-01 15:13:55 | BravePLN23 sold 2 POTATO from spawner for 2$ (Currency: VAULT)
Time: 2025-03-01 15:13:55 | BravePLN23 sold 2 CARROT from spawner for 2$ (Currency: VAULT)
Time: 2025-03-01 15:13:55 | BravePLN23 sold 145 ROTTEN_FLESH from spawner for 435$ (Currency: VAULT)
Time: 2025-03-01 15:33:30 | daxkqueue sold 10917 POPPY from spawner for 2729$ (Currency: VAULT)
Time: 2025-03-01 15:33:30 | daxkqueue sold 42975 IRON_INGOT from spawner for 258K$ (Currency: VAULT)
Time: 2025-03-01 15:36:23 | BravePLN23 sold 2 POTATO from spawner for 2$ (Currency: VAULT)
Time: 2025-03-01 15:36:23 | BravePLN23 sold 8 IRON_INGOT from spawner for 48$ (Currency: VAULT)
Time: 2025-03-01 15:36:23 | BravePLN23 sold 5 CARROT from spawner for 6$ (Currency: VAULT)
Time: 2025-03-01 15:36:23 | BravePLN23 sold 493 ROTTEN_FLESH from spawner for 1479$ (Currency: VAULT)
Time: 2025-03-01 15:42:25 | daxkqueue sold 8020 POPPY from spawner for 2005$ (Currency: VAULT)
Time: 2025-03-01 15:42:25 | daxkqueue sold 32148 IRON_INGOT from spawner for 193K$ (Currency: VAULT)
Time: 2025-03-01 15:42:29 | BravePLN23 sold 5 POTATO from spawner for 6$ (Currency: VAULT)
Time: 2025-03-01 15:42:29 | BravePLN23 sold 2 IRON_INGOT from spawner for 12$ (Currency: VAULT)
Time: 2025-03-01 15:42:29 | BravePLN23 sold 2 CARROT from spawner for 2$ (Currency: VAULT)
Time: 2025-03-01 15:42:29 | BravePLN23 sold 333 ROTTEN_FLESH from spawner for 999$ (Currency: VAULT)
Time: 2025-03-01 15:46:39 | BravePLN23 sold 3 POTATO from spawner for 3$ (Currency: VAULT)
Time: 2025-03-01 15:46:39 | BravePLN23 sold 1 IRON_INGOT from spawner for 6$ (Currency: VAULT)
Time: 2025-03-01 15:46:39 | BravePLN23 sold 2 CARROT from spawner for 2$ (Currency: VAULT)
Time: 2025-03-01 15:46:39 | BravePLN23 sold 269 ROTTEN_FLESH from spawner for 807$ (Currency: VAULT)
Time: 2025-03-01 16:07:56 | BravePLN23 sold 11 POTATO from spawner for 13$ (Currency: VAULT)
Time: 2025-03-01 16:07:56 | BravePLN23 sold 12 IRON_INGOT from spawner for 72$ (Currency: VAULT)
Time: 2025-03-01 16:07:56 | BravePLN23 sold 4 CARROT from spawner for 5$ (Currency: VAULT)
Time: 2025-03-01 16:07:56 | BravePLN23 sold 1151 ROTTEN_FLESH from spawner for 3453$ (Currency: VAULT)
Time: 2025-03-01 16:28:15 | Kongki_ki sold 4 POTATO from spawner for 5$ (Currency: VAULT)
Time: 2025-03-01 16:28:15 | Kongki_ki sold 5 IRON_INGOT from spawner for 30$ (Currency: VAULT)
Time: 2025-03-01 16:28:15 | Kongki_ki sold 5 CARROT from spawner for 6$ (Currency: VAULT)
Time: 2025-03-01 16:28:15 | Kongki_ki sold 996 ROTTEN_FLESH from spawner for 2988$ (Currency: VAULT)
Time: 2025-03-01 16:46:49 | daxkqueue sold 93587 POPPY from spawner for 23K$ (Currency: VAULT)
Time: 2025-03-01 16:46:49 | daxkqueue sold 375996 IRON_INGOT from spawner for 2.3M$ (Currency: VAULT)
Time: 2025-03-01 17:05:46 | daxkqueue sold 17806 POPPY from spawner for 4451$ (Currency: VAULT)
Time: 2025-03-01 17:05:46 | daxkqueue sold 71369 IRON_INGOT from spawner for 428K$ (Currency: VAULT)
Time: 2025-03-01 19:48:32 | daxkqueue sold 45456 IRON_INGOT from spawner for 273K$ (Currency: VAULT)
Time: 2025-03-01 19:48:32 | daxkqueue sold 57414 POPPY from spawner for 14K$ (Currency: VAULT)
Time: 2025-03-01 19:50:53 | daxkqueue sold 7274 IRON_INGOT from spawner for 44K$ (Currency: VAULT)
Time: 2025-03-01 19:50:53 | daxkqueue sold 1824 POPPY from spawner for 456$ (Currency: VAULT)
Time: 2025-03-01 19:50:56 | BravePLN23 sold 6 CARROT from spawner for 7$ (Currency: VAULT)
Time: 2025-03-01 19:50:56 | BravePLN23 sold 902 ROTTEN_FLESH from spawner for 2706$ (Currency: VAULT)
Time: 2025-03-01 19:50:56 | BravePLN23 sold 3 IRON_INGOT from spawner for 18$ (Currency: VAULT)
Time: 2025-03-01 19:50:56 | BravePLN23 sold 8 POTATO from spawner for 10$ (Currency: VAULT)
Time: 2025-03-01 19:54:18 | daxkqueue sold 13720 IRON_INGOT from spawner for 82K$ (Currency: VAULT)
Time: 2025-03-01 19:54:18 | daxkqueue sold 3486 POPPY from spawner for 871$ (Currency: VAULT)
Time: 2025-03-01 20:05:24 | daxkqueue sold 11657 IRON_INGOT from spawner for 70K$ (Currency: VAULT)
Time: 2025-03-01 20:05:24 | daxkqueue sold 2942 POPPY from spawner for 735$ (Currency: VAULT)
Time: 2025-03-01 20:08:03 | daxkqueue sold 17774 IRON_INGOT from spawner for 107K$ (Currency: VAULT)
Time: 2025-03-01 20:08:03 | daxkqueue sold 4517 POPPY from spawner for 1129$ (Currency: VAULT)
Time: 2025-03-01 20:09:40 | daxkqueue sold 18200 IRON_INGOT from spawner for 109K$ (Currency: VAULT)
Time: 2025-03-01 20:09:40 | daxkqueue sold 4552 POPPY from spawner for 1138$ (Currency: VAULT)
Time: 2025-03-01 20:26:52 | BravePLN23 sold 13 CARROT from spawner for 16$ (Currency: VAULT)
Time: 2025-03-01 20:26:52 | BravePLN23 sold 1844 ROTTEN_FLESH from spawner for 5532$ (Currency: VAULT)
Time: 2025-03-01 20:26:52 | BravePLN23 sold 22 IRON_INGOT from spawner for 132$ (Currency: VAULT)
Time: 2025-03-01 20:26:52 | BravePLN23 sold 19 POTATO from spawner for 23$ (Currency: VAULT)
Time: 2025-03-01 20:51:51 | daxkqueue sold 32023 IRON_INGOT from spawner for 192K$ (Currency: VAULT)
Time: 2025-03-01 20:51:51 | daxkqueue sold 7941 POPPY from spawner for 1985$ (Currency: VAULT)
Time: 2025-03-01 21:09:21 | BravePLN23 sold 8 CARROT from spawner for 10$ (Currency: VAULT)
Time: 2025-03-01 21:09:21 | BravePLN23 sold 742 ROTTEN_FLESH from spawner for 2226$ (Currency: VAULT)
Time: 2025-03-01 21:09:21 | BravePLN23 sold 7 IRON_INGOT from spawner for 42$ (Currency: VAULT)
Time: 2025-03-01 21:09:21 | BravePLN23 sold 6 POTATO from spawner for 7$ (Currency: VAULT)
Time: 2025-03-01 21:11:52 | BravePLN23 sold 2 CARROT from spawner for 2$ (Currency: VAULT)
Time: 2025-03-01 21:11:52 | BravePLN23 sold 144 ROTTEN_FLESH from spawner for 432$ (Currency: VAULT)
Time: 2025-03-01 21:11:52 | BravePLN23 sold 1 IRON_INGOT from spawner for 6$ (Currency: VAULT)
Time: 2025-03-01 21:11:52 | BravePLN23 sold 1 POTATO from spawner for 1$ (Currency: VAULT)
Time: 2025-03-01 21:19:18 | BravePLN23 sold 2 CARROT from spawner for 2$ (Currency: VAULT)
Time: 2025-03-01 21:19:18 | BravePLN23 sold 402 ROTTEN_FLESH from spawner for 1206$ (Currency: VAULT)
Time: 2025-03-01 21:19:18 | BravePLN23 sold 2 IRON_INGOT from spawner for 12$ (Currency: VAULT)
Time: 2025-03-01 21:19:18 | BravePLN23 sold 1 POTATO from spawner for 1$ (Currency: VAULT)
Time: 2025-03-01 21:19:49 | BravePLN23 sold 39 ROTTEN_FLESH from spawner for 117$ (Currency: VAULT)
Time: 2025-03-01 21:19:49 | BravePLN23 sold 2 CARROT from spawner for 2$ (Currency: VAULT)
Time: 2025-03-01 21:26:26 | BravePLN23 sold 5 CARROT from spawner for 6$ (Currency: VAULT)
Time: 2025-03-01 21:26:26 | BravePLN23 sold 295 ROTTEN_FLESH from spawner for 885$ (Currency: VAULT)
Time: 2025-03-01 21:26:26 | BravePLN23 sold 1 IRON_INGOT from spawner for 6$ (Currency: VAULT)
Time: 2025-03-01 21:26:26 | BravePLN23 sold 4 POTATO from spawner for 5$ (Currency: VAULT)
Time: 2025-03-01 21:28:20 | BravePLN23 sold 1 CARROT from spawner for 1$ (Currency: VAULT)
Time: 2025-03-01 21:28:20 | BravePLN23 sold 145 ROTTEN_FLESH from spawner for 435$ (Currency: VAULT)
Time: 2025-03-01 21:28:20 | BravePLN23 sold 2 IRON_INGOT from spawner for 12$ (Currency: VAULT)
Time: 2025-03-01 21:28:20 | BravePLN23 sold 2 POTATO from spawner for 2$ (Currency: VAULT)
Time: 2025-03-01 21:35:39 | BravePLN23 sold 3 CARROT from spawner for 3$ (Currency: VAULT)
Time: 2025-03-01 21:35:39 | BravePLN23 sold 401 ROTTEN_FLESH from spawner for 1203$ (Currency: VAULT)
Time: 2025-03-01 21:35:39 | BravePLN23 sold 5 IRON_INGOT from spawner for 30$ (Currency: VAULT)
Time: 2025-03-01 21:35:39 | BravePLN23 sold 2 POTATO from spawner for 2$ (Currency: VAULT)
Time: 2025-03-01 22:01:22 | daxkqueue sold 18596 IRON_INGOT from spawner for 112K$ (Currency: VAULT)
Time: 2025-03-01 22:01:22 | daxkqueue sold 4714 POPPY from spawner for 1178$ (Currency: VAULT)
Time: 2025-03-02 17:46:01 | CPBR sold 12 IRON_INGOT from spawner for 72$ (Currency: VAULT)
Time: 2025-03-02 17:46:01 | CPBR sold 3 POPPY from spawner for 0$ (Currency: VAULT)
Time: 2025-03-02 17:48:26 | CPBR sold 33 IRON_INGOT from spawner for 198$ (Currency: VAULT)
Time: 2025-03-02 17:48:26 | CPBR sold 10 POPPY from spawner for 2$ (Currency: VAULT)
Time: 2025-03-02 18:04:07 | CPBR sold 235 IRON_INGOT from spawner for 1410$ (Currency: VAULT)
Time: 2025-03-02 18:04:07 | CPBR sold 62 POPPY from spawner for 15$ (Currency: VAULT)
Time: 2025-03-02 18:05:54 | CPBR sold 45 IRON_INGOT from spawner for 270$ (Currency: VAULT)
Time: 2025-03-02 18:05:54 | CPBR sold 16 POPPY from spawner for 4$ (Currency: VAULT)
Time: 2025-03-02 18:38:39 | CPBR sold 435 IRON_INGOT from spawner for 2610$ (Currency: VAULT)
Time: 2025-03-02 18:38:39 | CPBR sold 119 POPPY from spawner for 29$ (Currency: VAULT)
Time: 2025-03-02 18:59:44 | daxkqueue sold 8784 IRON_INGOT from spawner for 53K$ (Currency: VAULT)
Time: 2025-03-02 18:59:44 | daxkqueue sold 5099 POPPY from spawner for 1274$ (Currency: VAULT)
Time: 2025-03-02 19:11:13 | CPBR sold 331 IRON_INGOT from spawner for 1986$ (Currency: VAULT)
Time: 2025-03-02 19:11:13 | CPBR sold 92 POPPY from spawner for 23$ (Currency: VAULT)
Time: 2025-03-02 19:11:19 | daxkqueue sold 15 POTATO from spawner for 18$ (Currency: VAULT)
Time: 2025-03-02 19:11:19 | daxkqueue sold 9 CARROT from spawner for 11$ (Currency: VAULT)
Time: 2025-03-02 19:11:19 | daxkqueue sold 1747 ROTTEN_FLESH from spawner for 5241$ (Currency: VAULT)
Time: 2025-03-02 20:22:59 | BravePLN23 sold 15 ROTTEN_FLESH from spawner for 45$ (Currency: VAULT)
Time: 2025-03-02 20:25:34 | CPBR sold 59 POPPY from spawner for 14$ (Currency: VAULT)
Time: 2025-03-02 20:25:34 | CPBR sold 65 IRON_INGOT from spawner for 390$ (Currency: VAULT)
Time: 2025-03-02 20:25:44 | CPBR sold 4 POPPY from spawner for 1$ (Currency: VAULT)
Time: 2025-03-02 20:25:44 | CPBR sold 17 IRON_INGOT from spawner for 102$ (Currency: VAULT)
Time: 2025-03-02 20:25:48 | CPBR sold 81 POPPY from spawner for 20$ (Currency: VAULT)
Time: 2025-03-02 20:25:48 | CPBR sold 70 IRON_INGOT from spawner for 420$ (Currency: VAULT)
Time: 2025-03-02 20:35:18 | CPBR sold 36 POPPY from spawner for 9$ (Currency: VAULT)
Time: 2025-03-02 20:35:18 | CPBR sold 163 IRON_INGOT from spawner for 978$ (Currency: VAULT)
Time: 2025-03-02 20:35:21 | CPBR sold 59 POPPY from spawner for 14$ (Currency: VAULT)
Time: 2025-03-02 20:35:21 | CPBR sold 206 IRON_INGOT from spawner for 1236$ (Currency: VAULT)
Time: 2025-03-02 20:37:09 | CPBR sold 9 POPPY from spawner for 2$ (Currency: VAULT)
Time: 2025-03-02 20:37:09 | CPBR sold 40 IRON_INGOT from spawner for 240$ (Currency: VAULT)
Time: 2025-03-02 20:41:50 | CPBR sold 11 POPPY from spawner for 2$ (Currency: VAULT)
Time: 2025-03-02 20:41:50 | CPBR sold 46 IRON_INGOT from spawner for 276$ (Currency: VAULT)
Time: 2025-03-02 20:41:52 | CPBR sold 17 POPPY from spawner for 4$ (Currency: VAULT)
Time: 2025-03-02 20:41:52 | CPBR sold 78 IRON_INGOT from spawner for 468$ (Currency: VAULT)
Time: 2025-03-02 20:42:02 | BravePLN23 sold 1 POTATO from spawner for 1$ (Currency: VAULT)
Time: 2025-03-02 20:42:02 | BravePLN23 sold 7 IRON_INGOT from spawner for 42$ (Currency: VAULT)
Time: 2025-03-02 20:42:02 | BravePLN23 sold 432 ROTTEN_FLESH from spawner for 1296$ (Currency: VAULT)
Time: 2025-03-02 20:42:02 | BravePLN23 sold 3 CARROT from spawner for 3$ (Currency: VAULT)
Time: 2025-03-02 20:48:12 | CPBR sold 41 POPPY from spawner for 10$ (Currency: VAULT)
Time: 2025-03-02 20:48:12 | CPBR sold 147 IRON_INGOT from spawner for 882$ (Currency: VAULT)
Time: 2025-03-02 20:48:14 | CPBR sold 33 POPPY from spawner for 8$ (Currency: VAULT)
Time: 2025-03-02 20:48:14 | CPBR sold 131 IRON_INGOT from spawner for 786$ (Currency: VAULT)
Time: 2025-03-02 21:07:07 | CPBR sold 85 POPPY from spawner for 21$ (Currency: VAULT)
Time: 2025-03-02 21:07:07 | CPBR sold 385 IRON_INGOT from spawner for 2310$ (Currency: VAULT)
Time: 2025-03-02 21:07:09 | CPBR sold 106 POPPY from spawner for 26$ (Currency: VAULT)
Time: 2025-03-02 21:07:09 | CPBR sold 421 IRON_INGOT from spawner for 2526$ (Currency: VAULT)
Time: 2025-03-02 21:23:25 | CPBR sold 81 POPPY from spawner for 20$ (Currency: VAULT)
Time: 2025-03-02 21:23:25 | CPBR sold 314 IRON_INGOT from spawner for 1884$ (Currency: VAULT)
Time: 2025-03-02 21:23:28 | CPBR sold 87 POPPY from spawner for 21$ (Currency: VAULT)
Time: 2025-03-02 21:23:28 | CPBR sold 350 IRON_INGOT from spawner for 2100$ (Currency: VAULT)
Time: 2025-03-02 21:23:30 | CPBR sold 66 POPPY from spawner for 16$ (Currency: VAULT)
Time: 2025-03-02 21:23:30 | CPBR sold 288 IRON_INGOT from spawner for 1728$ (Currency: VAULT)
Time: 2025-03-02 22:21:42 | CPBR sold 273 POPPY from spawner for 68$ (Currency: VAULT)
Time: 2025-03-02 22:21:42 | CPBR sold 1154 IRON_INGOT from spawner for 6924$ (Currency: VAULT)
Time: 2025-03-02 22:21:47 | CPBR sold 296 POPPY from spawner for 74$ (Currency: VAULT)
Time: 2025-03-02 22:21:47 | CPBR sold 1215 IRON_INGOT from spawner for 7290$ (Currency: VAULT)
Time: 2025-03-02 22:21:50 | CPBR sold 330 POPPY from spawner for 82$ (Currency: VAULT)
Time: 2025-03-02 22:21:50 | CPBR sold 1198 IRON_INGOT from spawner for 7188$ (Currency: VAULT)
Time: 2025-03-03 00:39:18 | daxkqueue sold 9554 POPPY from spawner for 2388$ (Currency: VAULT)
Time: 2025-03-03 00:39:18 | daxkqueue sold 38275 IRON_INGOT from spawner for 230K$ (Currency: VAULT)
Time: 2025-03-03 01:05:42 | daxkqueue sold 46712 POPPY from spawner for 12K$ (Currency: VAULT)
Time: 2025-03-03 01:05:42 | daxkqueue sold 185143 IRON_INGOT from spawner for 1.1M$ (Currency: VAULT)
Time: 2025-03-03 01:35:42 | daxkqueue sold 58760 POPPY from spawner for 15K$ (Currency: VAULT)
Time: 2025-03-03 01:35:42 | daxkqueue sold 233977 IRON_INGOT from spawner for 1.4M$ (Currency: VAULT)
Time: 2025-03-03 18:49:51 | CPBR sold 9 POPPY from spawner for 2$ (Currency: VAULT)
Time: 2025-03-03 18:49:51 | CPBR sold 11 IRON_INGOT from spawner for 66$ (Currency: VAULT)
Time: 2025-03-03 18:50:53 | CPBR sold 16 POPPY from spawner for 4$ (Currency: VAULT)
Time: 2025-03-03 18:50:53 | CPBR sold 59 IRON_INGOT from spawner for 354$ (Currency: VAULT)
Time: 2025-03-03 18:51:31 | CPBR sold 4 POPPY from spawner for 1$ (Currency: VAULT)
Time: 2025-03-03 18:51:31 | CPBR sold 12 IRON_INGOT from spawner for 72$ (Currency: VAULT)
Time: 2025-03-03 18:53:17 | nua sold 41 POPPY from spawner for 10$ (Currency: VAULT)
Time: 2025-03-03 18:53:17 | nua sold 127 IRON_INGOT from spawner for 762$ (Currency: VAULT)
Time: 2025-03-03 18:54:03 | CPBR sold 15 POPPY from spawner for 3$ (Currency: VAULT)
Time: 2025-03-03 18:54:03 | CPBR sold 52 IRON_INGOT from spawner for 312$ (Currency: VAULT)
Time: 2025-03-03 18:54:54 | CPBR sold 4 POPPY from spawner for 1$ (Currency: VAULT)
Time: 2025-03-03 18:54:54 | CPBR sold 13 IRON_INGOT from spawner for 78$ (Currency: VAULT)
Time: 2025-03-03 18:55:41 | CPBR sold 3 POPPY from spawner for 0$ (Currency: VAULT)
Time: 2025-03-03 18:55:41 | CPBR sold 8 IRON_INGOT from spawner for 48$ (Currency: VAULT)
Time: 2025-03-03 18:55:43 | CPBR sold 4 POPPY from spawner for 1$ (Currency: VAULT)
Time: 2025-03-03 18:55:43 | CPBR sold 21 IRON_INGOT from spawner for 126$ (Currency: VAULT)
Time: 2025-03-03 18:55:45 | CPBR sold 16 POPPY from spawner for 4$ (Currency: VAULT)
Time: 2025-03-03 18:55:45 | CPBR sold 46 IRON_INGOT from spawner for 276$ (Currency: VAULT)
Time: 2025-03-03 19:00:28 | CPBR sold 72 POPPY from spawner for 18$ (Currency: VAULT)
Time: 2025-03-03 19:00:28 | CPBR sold 341 IRON_INGOT from spawner for 2046$ (Currency: VAULT)
Time: 2025-03-03 19:00:30 | CPBR sold 19 POPPY from spawner for 4$ (Currency: VAULT)
Time: 2025-03-03 19:00:30 | CPBR sold 75 IRON_INGOT from spawner for 450$ (Currency: VAULT)
Time: 2025-03-03 19:00:32 | CPBR sold 24 POPPY from spawner for 6$ (Currency: VAULT)
Time: 2025-03-03 19:00:32 | CPBR sold 92 IRON_INGOT from spawner for 552$ (Currency: VAULT)
Time: 2025-03-03 19:33:42 | CPBR sold 477 POPPY from spawner for 119$ (Currency: VAULT)
Time: 2025-03-03 19:33:42 | CPBR sold 1915 IRON_INGOT from spawner for 11K$ (Currency: VAULT)
Time: 2025-03-03 19:33:45 | CPBR sold 153 POPPY from spawner for 38$ (Currency: VAULT)
Time: 2025-03-03 19:33:45 | CPBR sold 667 IRON_INGOT from spawner for 4002$ (Currency: VAULT)
Time: 2025-03-03 19:33:48 | CPBR sold 151 POPPY from spawner for 37$ (Currency: VAULT)
Time: 2025-03-03 19:33:48 | CPBR sold 682 IRON_INGOT from spawner for 4092$ (Currency: VAULT)
Time: 2025-03-03 19:39:41 | nua sold 60 POPPY from spawner for 15$ (Currency: VAULT)
Time: 2025-03-03 19:39:41 | nua sold 338 IRON_INGOT from spawner for 2028$ (Currency: VAULT)
Time: 2025-03-03 19:57:35 | nua sold 261 POPPY from spawner for 65$ (Currency: VAULT)
Time: 2025-03-03 19:57:35 | nua sold 1003 IRON_INGOT from spawner for 6018$ (Currency: VAULT)
Time: 2025-03-03 19:57:37 | nua sold 106 POPPY from spawner for 26$ (Currency: VAULT)
Time: 2025-03-03 19:57:37 | nua sold 410 IRON_INGOT from spawner for 2460$ (Currency: VAULT)
Time: 2025-03-03 19:57:41 | nua sold 116 POPPY from spawner for 29$ (Currency: VAULT)
Time: 2025-03-03 19:57:41 | nua sold 464 IRON_INGOT from spawner for 2784$ (Currency: VAULT)
Time: 2025-03-03 20:05:10 | CPBR sold 70 POPPY from spawner for 17$ (Currency: VAULT)
Time: 2025-03-03 20:05:10 | CPBR sold 282 IRON_INGOT from spawner for 1692$ (Currency: VAULT)
Time: 2025-03-03 20:05:12 | CPBR sold 31 POPPY from spawner for 7$ (Currency: VAULT)
Time: 2025-03-03 20:05:12 | CPBR sold 110 IRON_INGOT from spawner for 660$ (Currency: VAULT)
Time: 2025-03-03 20:05:14 | CPBR sold 28 POPPY from spawner for 7$ (Currency: VAULT)
Time: 2025-03-03 20:05:14 | CPBR sold 124 IRON_INGOT from spawner for 744$ (Currency: VAULT)
Time: 2025-03-03 20:08:53 | CPBR sold 53 POPPY from spawner for 13$ (Currency: VAULT)
Time: 2025-03-03 20:08:53 | CPBR sold 220 IRON_INGOT from spawner for 1320$ (Currency: VAULT)
Time: 2025-03-03 20:08:55 | CPBR sold 21 POPPY from spawner for 5$ (Currency: VAULT)
Time: 2025-03-03 20:08:55 | CPBR sold 68 IRON_INGOT from spawner for 408$ (Currency: VAULT)
Time: 2025-03-03 20:08:57 | CPBR sold 24 POPPY from spawner for 6$ (Currency: VAULT)
Time: 2025-03-03 20:08:57 | CPBR sold 94 IRON_INGOT from spawner for 564$ (Currency: VAULT)
Time: 2025-03-03 20:16:08 | CPBR sold 112 POPPY from spawner for 28$ (Currency: VAULT)
Time: 2025-03-03 20:16:08 | CPBR sold 474 IRON_INGOT from spawner for 2844$ (Currency: VAULT)
Time: 2025-03-03 20:16:10 | CPBR sold 32 POPPY from spawner for 8$ (Currency: VAULT)
Time: 2025-03-03 20:16:10 | CPBR sold 138 IRON_INGOT from spawner for 828$ (Currency: VAULT)
Time: 2025-03-03 20:16:12 | CPBR sold 33 POPPY from spawner for 8$ (Currency: VAULT)
Time: 2025-03-03 20:16:12 | CPBR sold 159 IRON_INGOT from spawner for 954$ (Currency: VAULT)
Time: 2025-03-03 20:16:14 | CPBR sold 8 POPPY from spawner for 2$ (Currency: VAULT)
Time: 2025-03-03 20:16:14 | CPBR sold 8 IRON_INGOT from spawner for 48$ (Currency: VAULT)
Time: 2025-03-03 20:23:37 | CPBR sold 148 POPPY from spawner for 37$ (Currency: VAULT)
Time: 2025-03-03 20:23:37 | CPBR sold 575 IRON_INGOT from spawner for 3450$ (Currency: VAULT)
Time: 2025-03-03 20:23:39 | CPBR sold 32 POPPY from spawner for 8$ (Currency: VAULT)
Time: 2025-03-03 20:23:39 | CPBR sold 149 IRON_INGOT from spawner for 894$ (Currency: VAULT)
Time: 2025-03-03 20:23:41 | CPBR sold 34 POPPY from spawner for 8$ (Currency: VAULT)
Time: 2025-03-03 20:23:41 | CPBR sold 143 IRON_INGOT from spawner for 858$ (Currency: VAULT)
Time: 2025-03-03 20:23:42 | CPBR sold 35 POPPY from spawner for 8$ (Currency: VAULT)
Time: 2025-03-03 20:23:42 | CPBR sold 155 IRON_INGOT from spawner for 930$ (Currency: VAULT)
Time: 2025-03-03 20:25:36 | CPBR sold 29 POPPY from spawner for 7$ (Currency: VAULT)
Time: 2025-03-03 20:25:36 | CPBR sold 119 IRON_INGOT from spawner for 714$ (Currency: VAULT)
Time: 2025-03-03 20:25:38 | CPBR sold 10 POPPY from spawner for 2$ (Currency: VAULT)
Time: 2025-03-03 20:25:38 | CPBR sold 43 IRON_INGOT from spawner for 258$ (Currency: VAULT)
Time: 2025-03-03 20:25:40 | CPBR sold 9 POPPY from spawner for 2$ (Currency: VAULT)
Time: 2025-03-03 20:25:40 | CPBR sold 40 IRON_INGOT from spawner for 240$ (Currency: VAULT)
Time: 2025-03-03 20:29:06 | CPBR sold 69 POPPY from spawner for 17$ (Currency: VAULT)
Time: 2025-03-03 20:29:06 | CPBR sold 301 IRON_INGOT from spawner for 1806$ (Currency: VAULT)
Time: 2025-03-03 20:29:07 | CPBR sold 8 POPPY from spawner for 2$ (Currency: VAULT)
Time: 2025-03-03 20:29:07 | CPBR sold 64 IRON_INGOT from spawner for 384$ (Currency: VAULT)
Time: 2025-03-03 20:29:11 | CPBR sold 16 POPPY from spawner for 4$ (Currency: VAULT)
Time: 2025-03-03 20:29:11 | CPBR sold 78 IRON_INGOT from spawner for 468$ (Currency: VAULT)
Time: 2025-03-03 20:29:18 | CPBR sold 1 BLAZE_ROD from spawner for 10$ (Currency: VAULT)
Time: 2025-03-03 20:37:03 | nua sold 140 POPPY from spawner for 35$ (Currency: VAULT)
Time: 2025-03-03 20:37:03 | nua sold 525 IRON_INGOT from spawner for 3150$ (Currency: VAULT)
Time: 2025-03-03 20:37:06 | nua sold 44 POPPY from spawner for 11$ (Currency: VAULT)
Time: 2025-03-03 20:37:06 | nua sold 168 IRON_INGOT from spawner for 1008$ (Currency: VAULT)
Time: 2025-03-03 20:37:09 | nua sold 17 BLAZE_ROD from spawner for 170$ (Currency: VAULT)
Time: 2025-03-03 20:37:11 | nua sold 41 POPPY from spawner for 10$ (Currency: VAULT)
Time: 2025-03-03 20:37:11 | nua sold 181 IRON_INGOT from spawner for 1086$ (Currency: VAULT)
Time: 2025-03-03 20:38:06 | CPBR sold 20 POPPY from spawner for 5$ (Currency: VAULT)
Time: 2025-03-03 20:38:06 | CPBR sold 62 IRON_INGOT from spawner for 372$ (Currency: VAULT)
Time: 2025-03-03 20:38:09 | CPBR sold 3 BLAZE_ROD from spawner for 30$ (Currency: VAULT)
Time: 2025-03-03 20:38:12 | CPBR sold 4 POPPY from spawner for 1$ (Currency: VAULT)
Time: 2025-03-03 20:38:12 | CPBR sold 26 IRON_INGOT from spawner for 156$ (Currency: VAULT)
Time: 2025-03-03 20:39:35 | nua sold 14 POPPY from spawner for 3$ (Currency: VAULT)
Time: 2025-03-03 20:39:35 | nua sold 56 IRON_INGOT from spawner for 336$ (Currency: VAULT)
Time: 2025-03-03 20:46:19 | nua sold 62 LEATHER from spawner for 46$ (Currency: VAULT)
Time: 2025-03-03 20:46:19 | nua sold 113 BEEF from spawner for 28$ (Currency: VAULT)
Time: 2025-03-03 20:46:50 | CPBR sold 6 LEATHER from spawner for 4$ (Currency: VAULT)
Time: 2025-03-03 20:46:50 | CPBR sold 13 BEEF from spawner for 3$ (Currency: VAULT)
Time: 2025-03-03 20:46:52 | CPBR sold 76 LEATHER from spawner for 57$ (Currency: VAULT)
Time: 2025-03-03 20:46:52 | CPBR sold 154 BEEF from spawner for 38$ (Currency: VAULT)
Time: 2025-03-03 20:46:53 | CPBR sold 65 LEATHER from spawner for 48$ (Currency: VAULT)
Time: 2025-03-03 20:46:53 | CPBR sold 120 BEEF from spawner for 30$ (Currency: VAULT)
Time: 2025-03-03 20:47:00 | CPBR sold 136 POPPY from spawner for 34$ (Currency: VAULT)
Time: 2025-03-03 20:47:00 | CPBR sold 512 IRON_INGOT from spawner for 3072$ (Currency: VAULT)
Time: 2025-03-03 20:47:08 | CPBR sold 29 BLAZE_ROD from spawner for 290$ (Currency: VAULT)
Time: 2025-03-03 20:47:09 | nua sold 2 LEATHER from spawner for 1$ (Currency: VAULT)
Time: 2025-03-03 20:47:09 | nua sold 4 BEEF from spawner for 1$ (Currency: VAULT)
Time: 2025-03-03 20:47:10 | CPBR sold 38 POPPY from spawner for 9$ (Currency: VAULT)
Time: 2025-03-03 20:47:10 | CPBR sold 174 IRON_INGOT from spawner for 1044$ (Currency: VAULT)
Time: 2025-03-03 20:47:12 | nua sold 6 LEATHER from spawner for 4$ (Currency: VAULT)
Time: 2025-03-03 20:47:12 | nua sold 14 BEEF from spawner for 3$ (Currency: VAULT)
Time: 2025-03-03 20:55:44 | CPBR sold 104 POPPY from spawner for 26$ (Currency: VAULT)
Time: 2025-03-03 20:55:44 | CPBR sold 358 IRON_INGOT from spawner for 2148$ (Currency: VAULT)
Time: 2025-03-03 20:55:50 | CPBR sold 142 POPPY from spawner for 35$ (Currency: VAULT)
Time: 2025-03-03 20:55:50 | CPBR sold 593 IRON_INGOT from spawner for 3558$ (Currency: VAULT)
Time: 2025-03-03 20:55:52 | CPBR sold 23 BLAZE_ROD from spawner for 230$ (Currency: VAULT)
Time: 2025-03-03 20:55:54 | CPBR sold 45 POPPY from spawner for 11$ (Currency: VAULT)
Time: 2025-03-03 20:55:54 | CPBR sold 164 IRON_INGOT from spawner for 984$ (Currency: VAULT)
Time: 2025-03-03 20:57:29 | nua sold 112 LEATHER from spawner for 84$ (Currency: VAULT)
Time: 2025-03-03 20:57:29 | nua sold 203 BEEF from spawner for 50$ (Currency: VAULT)
Time: 2025-03-03 21:13:38 | CPBR sold 316 POPPY from spawner for 79$ (Currency: VAULT)
Time: 2025-03-03 21:13:38 | CPBR sold 1270 IRON_INGOT from spawner for 7620$ (Currency: VAULT)
Time: 2025-03-03 21:13:39 | CPBR sold 91 POPPY from spawner for 22$ (Currency: VAULT)
Time: 2025-03-03 21:13:39 | CPBR sold 385 IRON_INGOT from spawner for 2310$ (Currency: VAULT)
Time: 2025-03-03 21:13:41 | CPBR sold 55 BLAZE_ROD from spawner for 550$ (Currency: VAULT)
Time: 2025-03-03 21:13:43 | CPBR sold 81 POPPY from spawner for 20$ (Currency: VAULT)
Time: 2025-03-03 21:13:43 | CPBR sold 360 IRON_INGOT from spawner for 2160$ (Currency: VAULT)
Time: 2025-03-03 21:14:08 | nua sold 159 LEATHER from spawner for 119$ (Currency: VAULT)
Time: 2025-03-03 21:14:08 | nua sold 331 BEEF from spawner for 82$ (Currency: VAULT)
Time: 2025-03-03 21:14:11 | nua sold 276 LEATHER from spawner for 207$ (Currency: VAULT)
Time: 2025-03-03 21:14:11 | nua sold 548 BEEF from spawner for 137$ (Currency: VAULT)
Time: 2025-03-03 21:14:14 | nua sold 248 LEATHER from spawner for 186$ (Currency: VAULT)
Time: 2025-03-03 21:14:14 | nua sold 541 BEEF from spawner for 135$ (Currency: VAULT)
Time: 2025-03-03 21:20:58 | CPBR sold 128 POPPY from spawner for 32$ (Currency: VAULT)
Time: 2025-03-03 21:20:58 | CPBR sold 602 IRON_INGOT from spawner for 3612$ (Currency: VAULT)
Time: 2025-03-03 21:21:00 | CPBR sold 26 POPPY from spawner for 6$ (Currency: VAULT)
Time: 2025-03-03 21:21:00 | CPBR sold 120 IRON_INGOT from spawner for 720$ (Currency: VAULT)
Time: 2025-03-03 21:21:02 | CPBR sold 17 BLAZE_ROD from spawner for 170$ (Currency: VAULT)
Time: 2025-03-03 21:21:03 | CPBR sold 38 POPPY from spawner for 9$ (Currency: VAULT)
Time: 2025-03-03 21:21:03 | CPBR sold 153 IRON_INGOT from spawner for 918$ (Currency: VAULT)
Time: 2025-03-03 21:22:02 | CPBR sold 20 POPPY from spawner for 5$ (Currency: VAULT)
Time: 2025-03-03 21:22:02 | CPBR sold 90 IRON_INGOT from spawner for 540$ (Currency: VAULT)
Time: 2025-03-03 21:22:03 | CPBR sold 3 POPPY from spawner for 0$ (Currency: VAULT)
Time: 2025-03-03 21:22:03 | CPBR sold 16 IRON_INGOT from spawner for 96$ (Currency: VAULT)
Time: 2025-03-03 21:22:05 | CPBR sold 4 BLAZE_ROD from spawner for 40$ (Currency: VAULT)
Time: 2025-03-03 21:22:07 | CPBR sold 2 POPPY from spawner for 0$ (Currency: VAULT)
Time: 2025-03-03 21:22:07 | CPBR sold 7 IRON_INGOT from spawner for 42$ (Currency: VAULT)
Time: 2025-03-03 21:24:00 | CPBR sold 59 POPPY from spawner for 14$ (Currency: VAULT)
Time: 2025-03-03 21:24:00 | CPBR sold 215 IRON_INGOT from spawner for 1290$ (Currency: VAULT)
Time: 2025-03-03 21:24:02 | CPBR sold 13 POPPY from spawner for 3$ (Currency: VAULT)
Time: 2025-03-03 21:24:02 | CPBR sold 37 IRON_INGOT from spawner for 222$ (Currency: VAULT)
Time: 2025-03-03 21:24:04 | CPBR sold 5 POPPY from spawner for 1$ (Currency: VAULT)
Time: 2025-03-03 21:24:04 | CPBR sold 24 IRON_INGOT from spawner for 144$ (Currency: VAULT)
Time: 2025-03-03 21:24:32 | CPBR sold 9 POPPY from spawner for 2$ (Currency: VAULT)
Time: 2025-03-03 21:24:32 | CPBR sold 32 IRON_INGOT from spawner for 192$ (Currency: VAULT)
Time: 2025-03-03 21:24:34 | CPBR sold 3 POPPY from spawner for 0$ (Currency: VAULT)
Time: 2025-03-03 21:24:34 | CPBR sold 13 IRON_INGOT from spawner for 78$ (Currency: VAULT)
Time: 2025-03-03 21:24:35 | CPBR sold 5 BLAZE_ROD from spawner for 50$ (Currency: VAULT)
Time: 2025-03-03 21:24:37 | CPBR sold 2 POPPY from spawner for 0$ (Currency: VAULT)
Time: 2025-03-03 21:24:37 | CPBR sold 6 IRON_INGOT from spawner for 36$ (Currency: VAULT)
Time: 2025-03-03 21:31:41 | CPBR sold 165 POPPY from spawner for 41$ (Currency: VAULT)
Time: 2025-03-03 21:31:41 | CPBR sold 729 IRON_INGOT from spawner for 4374$ (Currency: VAULT)
Time: 2025-03-03 21:31:45 | CPBR sold 73 POPPY from spawner for 18$ (Currency: VAULT)
Time: 2025-03-03 21:31:45 | CPBR sold 275 IRON_INGOT from spawner for 1650$ (Currency: VAULT)
Time: 2025-03-03 21:31:47 | CPBR sold 14 BLAZE_ROD from spawner for 140$ (Currency: VAULT)
Time: 2025-03-03 21:31:49 | CPBR sold 45 POPPY from spawner for 11$ (Currency: VAULT)
Time: 2025-03-03 21:31:49 | CPBR sold 134 IRON_INGOT from spawner for 804$ (Currency: VAULT)
Time: 2025-03-03 21:39:07 | CPBR sold 233 POPPY from spawner for 58$ (Currency: VAULT)
Time: 2025-03-03 21:39:07 | CPBR sold 857 IRON_INGOT from spawner for 5142$ (Currency: VAULT)
Time: 2025-03-03 21:39:09 | CPBR sold 79 POPPY from spawner for 19$ (Currency: VAULT)
Time: 2025-03-03 21:39:09 | CPBR sold 327 IRON_INGOT from spawner for 1962$ (Currency: VAULT)
Time: 2025-03-03 21:39:10 | CPBR sold 24 BLAZE_ROD from spawner for 240$ (Currency: VAULT)
Time: 2025-03-03 21:39:12 | CPBR sold 41 POPPY from spawner for 10$ (Currency: VAULT)
Time: 2025-03-03 21:39:12 | CPBR sold 159 IRON_INGOT from spawner for 954$ (Currency: VAULT)
Time: 2025-03-03 21:41:16 | nua sold 6 BLAZE_ROD from spawner for 60$ (Currency: VAULT)
Time: 2025-03-03 21:44:47 | nua sold 236 LEATHER from spawner for 177$ (Currency: VAULT)
Time: 2025-03-03 21:44:47 | nua sold 455 BEEF from spawner for 113$ (Currency: VAULT)
Time: 2025-03-03 21:44:50 | nua sold 232 LEATHER from spawner for 174$ (Currency: VAULT)
Time: 2025-03-03 21:44:50 | nua sold 248 BEEF from spawner for 62$ (Currency: VAULT)
Time: 2025-03-03 21:44:54 | nua sold 237 LEATHER from spawner for 177$ (Currency: VAULT)
Time: 2025-03-03 21:44:54 | nua sold 140 BEEF from spawner for 35$ (Currency: VAULT)
Time: 2025-03-03 21:45:21 | nua sold 14 BLAZE_ROD from spawner for 140$ (Currency: VAULT)
Time: 2025-03-03 21:53:30 | CPBR sold 321 POPPY from spawner for 80$ (Currency: VAULT)
Time: 2025-03-03 21:53:30 | CPBR sold 1363 IRON_INGOT from spawner for 8178$ (Currency: VAULT)
Time: 2025-03-03 21:53:31 | CPBR sold 119 POPPY from spawner for 29$ (Currency: VAULT)
Time: 2025-03-03 21:53:31 | CPBR sold 525 IRON_INGOT from spawner for 3150$ (Currency: VAULT)
Time: 2025-03-03 21:53:33 | CPBR sold 22 BLAZE_ROD from spawner for 220$ (Currency: VAULT)
Time: 2025-03-03 21:53:35 | CPBR sold 81 POPPY from spawner for 20$ (Currency: VAULT)
Time: 2025-03-03 21:53:35 | CPBR sold 325 IRON_INGOT from spawner for 1950$ (Currency: VAULT)
Time: 2025-03-03 21:54:16 | nua sold 8 POPPY from spawner for 2$ (Currency: VAULT)
Time: 2025-03-03 21:54:16 | nua sold 30 IRON_INGOT from spawner for 180$ (Currency: VAULT)
Time: 2025-03-03 21:55:15 | nua sold 24 LEATHER from spawner for 18$ (Currency: VAULT)
Time: 2025-03-03 21:55:15 | nua sold 48 BEEF from spawner for 12$ (Currency: VAULT)
Time: 2025-03-03 21:56:23 | nua sold 92 POPPY from spawner for 23$ (Currency: VAULT)
Time: 2025-03-03 21:56:23 | nua sold 354 IRON_INGOT from spawner for 2124$ (Currency: VAULT)
Time: 2025-03-03 21:56:30 | nua sold 29 POPPY from spawner for 7$ (Currency: VAULT)
Time: 2025-03-03 21:56:30 | nua sold 100 IRON_INGOT from spawner for 600$ (Currency: VAULT)
Time: 2025-03-03 21:56:32 | nua sold 16 POPPY from spawner for 4$ (Currency: VAULT)
Time: 2025-03-03 21:56:32 | nua sold 53 IRON_INGOT from spawner for 318$ (Currency: VAULT)
Time: 2025-03-03 21:57:25 | CPBR sold 20 POPPY from spawner for 5$ (Currency: VAULT)
Time: 2025-03-03 21:57:25 | CPBR sold 104 IRON_INGOT from spawner for 624$ (Currency: VAULT)
Time: 2025-03-03 21:57:27 | CPBR sold 9 POPPY from spawner for 2$ (Currency: VAULT)
Time: 2025-03-03 21:57:27 | CPBR sold 42 IRON_INGOT from spawner for 252$ (Currency: VAULT)
Time: 2025-03-03 21:57:29 | CPBR sold 7 BLAZE_ROD from spawner for 70$ (Currency: VAULT)
Time: 2025-03-03 21:57:31 | CPBR sold 2 POPPY from spawner for 0$ (Currency: VAULT)
Time: 2025-03-03 21:57:31 | CPBR sold 20 IRON_INGOT from spawner for 120$ (Currency: VAULT)
Time: 2025-03-03 21:58:45 | nua sold 49 POPPY from spawner for 12$ (Currency: VAULT)
Time: 2025-03-03 21:58:45 | nua sold 181 IRON_INGOT from spawner for 1086$ (Currency: VAULT)
Time: 2025-03-03 21:58:51 | nua sold 22 POPPY from spawner for 5$ (Currency: VAULT)
Time: 2025-03-03 21:58:51 | nua sold 84 IRON_INGOT from spawner for 504$ (Currency: VAULT)
Time: 2025-03-03 21:58:56 | nua sold 3 BLAZE_ROD from spawner for 30$ (Currency: VAULT)
Time: 2025-03-03 22:00:11 | nua sold 44 POPPY from spawner for 11$ (Currency: VAULT)
Time: 2025-03-03 22:00:11 | nua sold 158 IRON_INGOT from spawner for 948$ (Currency: VAULT)
Time: 2025-03-03 22:02:27 | nua sold 52 POPPY from spawner for 13$ (Currency: VAULT)
Time: 2025-03-03 22:02:27 | nua sold 171 IRON_INGOT from spawner for 1026$ (Currency: VAULT)
Time: 2025-03-03 22:02:39 | nua sold 36 POPPY from spawner for 9$ (Currency: VAULT)
Time: 2025-03-03 22:02:39 | nua sold 144 IRON_INGOT from spawner for 864$ (Currency: VAULT)
Time: 2025-03-03 22:02:42 | nua sold 34 POPPY from spawner for 8$ (Currency: VAULT)
Time: 2025-03-03 22:02:42 | nua sold 130 IRON_INGOT from spawner for 780$ (Currency: VAULT)
Time: 2025-03-03 22:02:56 | nua sold 51 LEATHER from spawner for 38$ (Currency: VAULT)
Time: 2025-03-03 22:02:56 | nua sold 101 BEEF from spawner for 25$ (Currency: VAULT)
Time: 2025-03-03 22:02:57 | nua sold 53 LEATHER from spawner for 39$ (Currency: VAULT)
Time: 2025-03-03 22:02:57 | nua sold 108 BEEF from spawner for 27$ (Currency: VAULT)
Time: 2025-03-03 22:02:59 | nua sold 63 LEATHER from spawner for 47$ (Currency: VAULT)
Time: 2025-03-03 22:02:59 | nua sold 110 BEEF from spawner for 27$ (Currency: VAULT)
Time: 2025-03-03 22:03:01 | nua sold 53 LEATHER from spawner for 39$ (Currency: VAULT)
Time: 2025-03-03 22:03:01 | nua sold 89 BEEF from spawner for 22$ (Currency: VAULT)
Time: 2025-03-03 22:03:03 | nua sold 52 LEATHER from spawner for 39$ (Currency: VAULT)
Time: 2025-03-03 22:03:03 | nua sold 102 BEEF from spawner for 25$ (Currency: VAULT)
Time: 2025-03-03 22:03:05 | nua sold 52 LEATHER from spawner for 39$ (Currency: VAULT)
Time: 2025-03-03 22:03:05 | nua sold 79 BEEF from spawner for 19$ (Currency: VAULT)
Time: 2025-03-03 22:03:08 | nua sold 11 LEATHER from spawner for 8$ (Currency: VAULT)
Time: 2025-03-03 22:03:08 | nua sold 17 BEEF from spawner for 4$ (Currency: VAULT)
Time: 2025-03-03 22:06:48 | nua sold 71 LEATHER from spawner for 53$ (Currency: VAULT)
Time: 2025-03-03 22:06:48 | nua sold 155 BEEF from spawner for 38$ (Currency: VAULT)
Time: 2025-03-03 22:07:57 | nua sold 40 POPPY from spawner for 10$ (Currency: VAULT)
Time: 2025-03-03 22:07:57 | nua sold 153 IRON_INGOT from spawner for 918$ (Currency: VAULT)
Time: 2025-03-03 22:08:07 | nua sold 29 POPPY from spawner for 7$ (Currency: VAULT)
Time: 2025-03-03 22:08:07 | nua sold 120 IRON_INGOT from spawner for 720$ (Currency: VAULT)
Time: 2025-03-03 22:10:23 | nua sold 84 LEATHER from spawner for 63$ (Currency: VAULT)
Time: 2025-03-03 22:10:23 | nua sold 148 BEEF from spawner for 37$ (Currency: VAULT)
Time: 2025-03-03 22:10:45 | CPBR sold 197 POPPY from spawner for 49$ (Currency: VAULT)
Time: 2025-03-03 22:10:45 | CPBR sold 768 IRON_INGOT from spawner for 4608$ (Currency: VAULT)
Time: 2025-03-03 22:10:47 | CPBR sold 37 POPPY from spawner for 9$ (Currency: VAULT)
Time: 2025-03-03 22:10:47 | CPBR sold 159 IRON_INGOT from spawner for 954$ (Currency: VAULT)
Time: 2025-03-03 22:10:48 | CPBR sold 31 BLAZE_ROD from spawner for 310$ (Currency: VAULT)
Time: 2025-03-03 22:10:50 | CPBR sold 10 POPPY from spawner for 2$ (Currency: VAULT)
Time: 2025-03-03 22:10:50 | CPBR sold 50 IRON_INGOT from spawner for 300$ (Currency: VAULT)
Time: 2025-03-03 22:19:04 | nua sold 221 POPPY from spawner for 55$ (Currency: VAULT)
Time: 2025-03-03 22:19:04 | nua sold 884 IRON_INGOT from spawner for 5304$ (Currency: VAULT)
Time: 2025-03-03 22:21:25 | nua sold 92 LEATHER from spawner for 69$ (Currency: VAULT)
Time: 2025-03-03 22:21:25 | nua sold 183 BEEF from spawner for 45$ (Currency: VAULT)
Time: 2025-03-03 22:25:45 | CPBR sold 157 POPPY from spawner for 39$ (Currency: VAULT)
Time: 2025-03-03 22:25:45 | CPBR sold 611 IRON_INGOT from spawner for 3666$ (Currency: VAULT)
Time: 2025-03-03 22:26:43 | CPBR sold 66 POPPY from spawner for 16$ (Currency: VAULT)
Time: 2025-03-03 22:26:43 | CPBR sold 247 IRON_INGOT from spawner for 1482$ (Currency: VAULT)
Time: 2025-03-03 22:27:26 | CPBR sold 282 POPPY from spawner for 70$ (Currency: VAULT)
Time: 2025-03-03 22:27:26 | CPBR sold 1094 IRON_INGOT from spawner for 6564$ (Currency: VAULT)
Time: 2025-03-03 22:32:22 | CPBR sold 1711 POPPY from spawner for 427$ (Currency: VAULT)
Time: 2025-03-03 22:32:22 | CPBR sold 6819 IRON_INGOT from spawner for 41K$ (Currency: VAULT)
Time: 2025-03-03 22:32:27 | CPBR sold 336 POPPY from spawner for 84$ (Currency: VAULT)
Time: 2025-03-03 22:32:27 | CPBR sold 1370 IRON_INGOT from spawner for 8220$ (Currency: VAULT)
Time: 2025-03-03 22:32:29 | CPBR sold 67 BLAZE_ROD from spawner for 670$ (Currency: VAULT)
Time: 2025-03-03 22:32:33 | CPBR sold 281 POPPY from spawner for 70$ (Currency: VAULT)
Time: 2025-03-03 22:32:33 | CPBR sold 1123 IRON_INGOT from spawner for 6738$ (Currency: VAULT)
Time: 2025-03-03 22:40:16 | nua sold 3374 POPPY from spawner for 843$ (Currency: VAULT)
Time: 2025-03-03 22:40:16 | nua sold 1799 IRON_INGOT from spawner for 11K$ (Currency: VAULT)
Time: 2025-03-03 22:40:43 | nua sold 202 POPPY from spawner for 50$ (Currency: VAULT)
Time: 2025-03-03 22:40:43 | nua sold 132 IRON_INGOT from spawner for 792$ (Currency: VAULT)
Time: 2025-03-03 22:40:49 | nua sold 19 BLAZE_ROD from spawner for 190$ (Currency: VAULT)
Time: 2025-03-03 22:40:55 | nua sold 1992 BEEF from spawner for 498$ (Currency: VAULT)
Time: 2025-03-03 22:40:55 | nua sold 970 LEATHER from spawner for 727$ (Currency: VAULT)
Time: 2025-03-03 22:40:59 | nua sold 125 BEEF from spawner for 31$ (Currency: VAULT)
Time: 2025-03-03 22:40:59 | nua sold 77 LEATHER from spawner for 57$ (Currency: VAULT)
Time: 2025-03-03 22:42:30 | nua sold 1366 POPPY from spawner for 341$ (Currency: VAULT)
Time: 2025-03-03 22:42:30 | nua sold 5355 IRON_INGOT from spawner for 32K$ (Currency: VAULT)
Time: 2025-03-03 22:42:40 | nua sold 67 POPPY from spawner for 16$ (Currency: VAULT)
Time: 2025-03-03 22:42:40 | nua sold 295 IRON_INGOT from spawner for 1770$ (Currency: VAULT)
Time: 2025-03-03 22:43:00 | CPBR sold 534 POPPY from spawner for 133$ (Currency: VAULT)
Time: 2025-03-03 22:43:00 | CPBR sold 2116 IRON_INGOT from spawner for 13K$ (Currency: VAULT)
Time: 2025-03-03 22:43:05 | CPBR sold 25 POPPY from spawner for 6$ (Currency: VAULT)
Time: 2025-03-03 22:43:05 | CPBR sold 90 IRON_INGOT from spawner for 540$ (Currency: VAULT)
Time: 2025-03-03 22:43:07 | CPBR sold 221 POPPY from spawner for 55$ (Currency: VAULT)
Time: 2025-03-03 22:43:07 | CPBR sold 364 IRON_INGOT from spawner for 2184$ (Currency: VAULT)
Time: 2025-03-03 22:43:28 | CPBR sold 438 POPPY from spawner for 109$ (Currency: VAULT)
Time: 2025-03-03 22:43:28 | CPBR sold 1735 IRON_INGOT from spawner for 10K$ (Currency: VAULT)
Time: 2025-03-03 22:44:02 | CPBR sold 169 POPPY from spawner for 42$ (Currency: VAULT)
Time: 2025-03-03 22:44:02 | CPBR sold 682 IRON_INGOT from spawner for 4092$ (Currency: VAULT)
Time: 2025-03-03 22:44:13 | nua sold 529 POPPY from spawner for 132$ (Currency: VAULT)
Time: 2025-03-03 22:44:13 | nua sold 2165 IRON_INGOT from spawner for 13K$ (Currency: VAULT)
Time: 2025-03-03 22:44:20 | CPBR sold 55 POPPY from spawner for 13$ (Currency: VAULT)
Time: 2025-03-03 22:44:20 | CPBR sold 246 IRON_INGOT from spawner for 1476$ (Currency: VAULT)
Time: 2025-03-03 22:44:24 | CPBR sold 57 POPPY from spawner for 14$ (Currency: VAULT)
Time: 2025-03-03 22:44:42 | nua sold 319 POPPY from spawner for 79$ (Currency: VAULT)
Time: 2025-03-03 22:44:42 | nua sold 1170 IRON_INGOT from spawner for 7020$ (Currency: VAULT)
Time: 2025-03-03 22:44:51 | nua sold 1016 BEEF from spawner for 254$ (Currency: VAULT)
Time: 2025-03-03 22:44:51 | nua sold 510 LEATHER from spawner for 382$ (Currency: VAULT)
Time: 2025-03-03 22:46:09 | nua sold 568 POPPY from spawner for 142$ (Currency: VAULT)
Time: 2025-03-03 22:46:09 | nua sold 2368 IRON_INGOT from spawner for 14K$ (Currency: VAULT)
Time: 2025-03-03 22:47:07 | nua sold 713 POPPY from spawner for 178$ (Currency: VAULT)
Time: 2025-03-03 22:47:07 | nua sold 2809 IRON_INGOT from spawner for 17K$ (Currency: VAULT)
Time: 2025-03-03 22:47:20 | nua sold 392 POPPY from spawner for 98$ (Currency: VAULT)
Time: 2025-03-03 22:47:20 | nua sold 1611 IRON_INGOT from spawner for 9666$ (Currency: VAULT)
Time: 2025-03-03 22:48:31 | nua sold 423 POPPY from spawner for 105$ (Currency: VAULT)
Time: 2025-03-03 22:48:31 | nua sold 1654 IRON_INGOT from spawner for 9924$ (Currency: VAULT)
Time: 2025-03-03 22:49:26 | nua sold 900 POPPY from spawner for 225$ (Currency: VAULT)
Time: 2025-03-03 22:49:26 | nua sold 3532 IRON_INGOT from spawner for 21K$ (Currency: VAULT)
Time: 2025-03-03 22:49:58 | nua sold 426 POPPY from spawner for 106$ (Currency: VAULT)
Time: 2025-03-03 22:49:58 | nua sold 1800 IRON_INGOT from spawner for 11K$ (Currency: VAULT)
Time: 2025-03-03 22:50:23 | CPBR sold 529 POPPY from spawner for 132$ (Currency: VAULT)
Time: 2025-03-03 22:50:23 | CPBR sold 2149 IRON_INGOT from spawner for 13K$ (Currency: VAULT)
Time: 2025-03-03 22:50:49 | CPBR sold 27 BLAZE_ROD from spawner for 270$ (Currency: VAULT)
Time: 2025-03-03 22:52:12 | nua sold 1301 POPPY from spawner for 325$ (Currency: VAULT)
Time: 2025-03-03 22:52:12 | nua sold 4966 IRON_INGOT from spawner for 30K$ (Currency: VAULT)
Time: 2025-03-03 22:53:38 | nua sold 2649 BEEF from spawner for 662$ (Currency: VAULT)
Time: 2025-03-03 22:53:38 | nua sold 1345 LEATHER from spawner for 1008$ (Currency: VAULT)
Time: 2025-03-03 22:56:27 | nua sold 3279 POPPY from spawner for 819$ (Currency: VAULT)
Time: 2025-03-03 22:56:27 | nua sold 13005 IRON_INGOT from spawner for 78K$ (Currency: VAULT)
Time: 2025-03-03 22:56:55 | nua sold 224 POPPY from spawner for 56$ (Currency: VAULT)
Time: 2025-03-03 22:56:55 | nua sold 904 IRON_INGOT from spawner for 5424$ (Currency: VAULT)
Time: 2025-03-03 22:58:10 | nua sold 955 POPPY from spawner for 238$ (Currency: VAULT)
Time: 2025-03-03 22:58:10 | nua sold 3757 IRON_INGOT from spawner for 23K$ (Currency: VAULT)
Time: 2025-03-03 22:58:21 | nua sold 258 POPPY from spawner for 64$ (Currency: VAULT)
Time: 2025-03-03 22:58:21 | nua sold 1032 IRON_INGOT from spawner for 6192$ (Currency: VAULT)
Time: 2025-03-03 22:59:58 | nua sold 1382 POPPY from spawner for 345$ (Currency: VAULT)
Time: 2025-03-03 22:59:58 | nua sold 5448 IRON_INGOT from spawner for 33K$ (Currency: VAULT)
Time: 2025-03-03 23:00:01 | nua sold 1360 BEEF from spawner for 340$ (Currency: VAULT)
Time: 2025-03-03 23:00:01 | nua sold 655 LEATHER from spawner for 491$ (Currency: VAULT)
Time: 2025-03-03 23:00:29 | CPBR sold 1453 BEEF from spawner for 363$ (Currency: VAULT)
Time: 2025-03-03 23:00:29 | CPBR sold 775 LEATHER from spawner for 581$ (Currency: VAULT)
Time: 2025-03-03 23:00:38 | nua sold 566 POPPY from spawner for 141$ (Currency: VAULT)
Time: 2025-03-03 23:00:38 | nua sold 2171 IRON_INGOT from spawner for 13K$ (Currency: VAULT)
Time: 2025-03-03 23:01:13 | nua sold 359 POPPY from spawner for 89$ (Currency: VAULT)
Time: 2025-03-03 23:01:13 | nua sold 1455 IRON_INGOT from spawner for 8730$ (Currency: VAULT)
Time: 2025-03-03 23:01:44 | nua sold 401 POPPY from spawner for 100$ (Currency: VAULT)
Time: 2025-03-03 23:01:44 | nua sold 1547 IRON_INGOT from spawner for 9282$ (Currency: VAULT)
Time: 2025-03-03 23:03:17 | nua sold 795 POPPY from spawner for 198$ (Currency: VAULT)
Time: 2025-03-03 23:03:17 | nua sold 3261 IRON_INGOT from spawner for 20K$ (Currency: VAULT)
Time: 2025-03-03 23:03:20 | nua sold 4166 BEEF from spawner for 1041$ (Currency: VAULT)
Time: 2025-03-03 23:03:20 | nua sold 2073 LEATHER from spawner for 1554$ (Currency: VAULT)
Time: 2025-03-03 23:03:50 | nua sold 843 POPPY from spawner for 210$ (Currency: VAULT)
Time: 2025-03-03 23:03:50 | nua sold 3363 IRON_INGOT from spawner for 20K$ (Currency: VAULT)
Time: 2025-03-03 23:04:43 | nua sold 633 POPPY from spawner for 158$ (Currency: VAULT)
Time: 2025-03-03 23:04:43 | nua sold 2406 IRON_INGOT from spawner for 14K$ (Currency: VAULT)
Time: 2025-03-03 23:04:46 | nua sold 733 POPPY from spawner for 183$ (Currency: VAULT)
Time: 2025-03-03 23:04:46 | nua sold 3095 IRON_INGOT from spawner for 19K$ (Currency: VAULT)
Time: 2025-03-03 23:05:11 | nua sold 208 POPPY from spawner for 52$ (Currency: VAULT)
Time: 2025-03-03 23:05:11 | nua sold 880 IRON_INGOT from spawner for 5280$ (Currency: VAULT)
Time: 2025-03-03 23:05:50 | nua sold 9045 BEEF from spawner for 2261$ (Currency: VAULT)
Time: 2025-03-03 23:05:50 | nua sold 4430 LEATHER from spawner for 3322$ (Currency: VAULT)
Time: 2025-03-03 23:08:05 | nua sold 8676 BEEF from spawner for 2169$ (Currency: VAULT)
Time: 2025-03-03 23:08:05 | nua sold 4314 LEATHER from spawner for 3235$ (Currency: VAULT)
Time: 2025-03-03 23:08:08 | nua sold 2529 POPPY from spawner for 632$ (Currency: VAULT)
Time: 2025-03-03 23:08:08 | nua sold 9749 IRON_INGOT from spawner for 58K$ (Currency: VAULT)
Time: 2025-03-03 23:11:01 | nua sold 1703 POPPY from spawner for 425$ (Currency: VAULT)
Time: 2025-03-03 23:11:01 | nua sold 6610 IRON_INGOT from spawner for 40K$ (Currency: VAULT)
Time: 2025-03-03 23:12:59 | nua sold 941 POPPY from spawner for 235$ (Currency: VAULT)
Time: 2025-03-03 23:12:59 | nua sold 3633 IRON_INGOT from spawner for 22K$ (Currency: VAULT)
Time: 2025-03-03 23:13:02 | nua sold 18598 BEEF from spawner for 4649$ (Currency: VAULT)
Time: 2025-03-03 23:13:02 | nua sold 9215 LEATHER from spawner for 6911$ (Currency: VAULT)
Time: 2025-03-03 23:13:49 | daxkqueue sold 8267 POPPY from spawner for 2066$ (Currency: VAULT)
Time: 2025-03-03 23:13:49 | daxkqueue sold 33068 IRON_INGOT from spawner for 198K$ (Currency: VAULT)
Time: 2025-03-03 23:14:42 | daxkqueue sold 1255 POPPY from spawner for 313$ (Currency: VAULT)
Time: 2025-03-03 23:14:42 | daxkqueue sold 4889 IRON_INGOT from spawner for 29K$ (Currency: VAULT)
Time: 2025-03-03 23:14:45 | nua sold 1907 POPPY from spawner for 476$ (Currency: VAULT)
Time: 2025-03-03 23:14:45 | nua sold 7390 IRON_INGOT from spawner for 44K$ (Currency: VAULT)
Time: 2025-03-03 23:14:48 | nua sold 5482 BEEF from spawner for 1370$ (Currency: VAULT)
Time: 2025-03-03 23:14:48 | nua sold 2814 LEATHER from spawner for 2110$ (Currency: VAULT)
Time: 2025-03-03 23:15:20 | nua sold 145 POPPY from spawner for 36$ (Currency: VAULT)
Time: 2025-03-03 23:15:20 | nua sold 589 IRON_INGOT from spawner for 3534$ (Currency: VAULT)
Time: 2025-03-03 23:22:27 | nua sold 23092 BEEF from spawner for 5773$ (Currency: VAULT)
Time: 2025-03-03 23:22:27 | nua sold 11633 LEATHER from spawner for 8724$ (Currency: VAULT)
Time: 2025-03-03 23:24:00 | nua sold 721 POPPY from spawner for 180$ (Currency: VAULT)
Time: 2025-03-03 23:24:00 | nua sold 2828 IRON_INGOT from spawner for 17K$ (Currency: VAULT)
Time: 2025-03-03 23:25:02 | nua sold 7248 POPPY from spawner for 1812$ (Currency: VAULT)
Time: 2025-03-03 23:25:02 | nua sold 29159 IRON_INGOT from spawner for 175K$ (Currency: VAULT)
Time: 2025-03-03 23:25:05 | nua sold 10255 BEEF from spawner for 2563$ (Currency: VAULT)
Time: 2025-03-03 23:25:05 | nua sold 5097 LEATHER from spawner for 3822$ (Currency: VAULT)
Time: 2025-03-03 23:25:44 | nua sold 318 POPPY from spawner for 79$ (Currency: VAULT)
Time: 2025-03-03 23:25:44 | nua sold 1264 IRON_INGOT from spawner for 7584$ (Currency: VAULT)
Time: 2025-03-03 23:25:47 | nua sold 2283 BEEF from spawner for 570$ (Currency: VAULT)
Time: 2025-03-03 23:25:47 | nua sold 1138 LEATHER from spawner for 853$ (Currency: VAULT)
Time: 2025-03-03 23:27:22 | nua sold 1348 POPPY from spawner for 337$ (Currency: VAULT)
Time: 2025-03-03 23:27:22 | nua sold 5588 IRON_INGOT from spawner for 34K$ (Currency: VAULT)
Time: 2025-03-03 23:27:28 | nua sold 176 POPPY from spawner for 44$ (Currency: VAULT)
Time: 2025-03-03 23:27:28 | nua sold 653 IRON_INGOT from spawner for 3918$ (Currency: VAULT)
Time: 2025-03-03 23:34:28 | Red_Keepers sold 10 BLAZE_ROD from spawner for 100$ (Currency: VAULT)
Time: 2025-03-03 23:34:30 | Red_Keepers sold 212 GUNPOWDER from spawner for 1060$ (Currency: VAULT)
Time: 2025-03-03 23:34:39 | Red_Keepers sold 36340 BEEF from spawner for 9085$ (Currency: VAULT)
Time: 2025-03-03 23:34:39 | Red_Keepers sold 18162 LEATHER from spawner for 14K$ (Currency: VAULT)
Time: 2025-03-03 23:36:04 | nua sold 10140 POPPY from spawner for 2535$ (Currency: VAULT)
Time: 2025-03-03 23:36:04 | nua sold 40813 IRON_INGOT from spawner for 245K$ (Currency: VAULT)
Time: 2025-03-03 23:36:08 | nua sold 5535 BEEF from spawner for 1383$ (Currency: VAULT)
Time: 2025-03-03 23:36:08 | nua sold 2797 LEATHER from spawner for 2097$ (Currency: VAULT)
Time: 2025-03-03 23:37:09 | nua sold 1055 POPPY from spawner for 263$ (Currency: VAULT)
Time: 2025-03-03 23:37:09 | nua sold 4127 IRON_INGOT from spawner for 25K$ (Currency: VAULT)
Time: 2025-03-03 23:40:58 | nua sold 17122 BEEF from spawner for 4280$ (Currency: VAULT)
Time: 2025-03-03 23:40:58 | nua sold 8501 LEATHER from spawner for 6375$ (Currency: VAULT)
Time: 2025-03-03 23:44:29 | nua sold 5919 POPPY from spawner for 1479$ (Currency: VAULT)
Time: 2025-03-03 23:44:29 | nua sold 23616 IRON_INGOT from spawner for 142K$ (Currency: VAULT)
Time: 2025-03-03 23:45:50 | Red_Keepers sold 1542 POPPY from spawner for 385$ (Currency: VAULT)
Time: 2025-03-03 23:45:50 | Red_Keepers sold 6125 IRON_INGOT from spawner for 37K$ (Currency: VAULT)
Time: 2025-03-03 23:46:43 | nua sold 823 POPPY from spawner for 205$ (Currency: VAULT)
Time: 2025-03-03 23:46:43 | nua sold 3155 IRON_INGOT from spawner for 19K$ (Currency: VAULT)
Time: 2025-03-03 23:46:45 | nua sold 26768 BEEF from spawner for 6692$ (Currency: VAULT)
Time: 2025-03-03 23:46:45 | nua sold 13479 LEATHER from spawner for 10K$ (Currency: VAULT)
Time: 2025-03-03 23:48:28 | nua sold 1556 POPPY from spawner for 389$ (Currency: VAULT)
Time: 2025-03-03 23:48:28 | nua sold 6080 IRON_INGOT from spawner for 36K$ (Currency: VAULT)
Time: 2025-03-03 23:49:37 | nua sold 664 POPPY from spawner for 166$ (Currency: VAULT)
Time: 2025-03-03 23:49:37 | nua sold 2611 IRON_INGOT from spawner for 16K$ (Currency: VAULT)
Time: 2025-03-03 23:49:53 | nua sold 10372 BEEF from spawner for 2593$ (Currency: VAULT)
Time: 2025-03-03 23:49:53 | nua sold 5184 LEATHER from spawner for 3888$ (Currency: VAULT)
Time: 2025-03-03 23:53:06 | nua sold 2427 POPPY from spawner for 606$ (Currency: VAULT)
Time: 2025-03-03 23:53:06 | nua sold 10120 IRON_INGOT from spawner for 61K$ (Currency: VAULT)
Time: 2025-03-04 00:02:36 | nua sold 904 POPPY from spawner for 226$ (Currency: VAULT)
Time: 2025-03-04 00:02:36 | nua sold 3545 IRON_INGOT from spawner for 21K$ (Currency: VAULT)
Time: 2025-03-04 00:02:38 | nua sold 15670 BEEF from spawner for 3917$ (Currency: VAULT)
Time: 2025-03-04 00:02:38 | nua sold 7751 LEATHER from spawner for 5813$ (Currency: VAULT)
Time: 2025-03-04 00:21:43 | nua sold 1165 POPPY from spawner for 291$ (Currency: VAULT)
Time: 2025-03-04 00:21:43 | nua sold 4704 IRON_INGOT from spawner for 28K$ (Currency: VAULT)
Time: 2025-03-04 00:21:45 | nua sold 5235 BEEF from spawner for 1308$ (Currency: VAULT)
Time: 2025-03-04 00:21:45 | nua sold 2557 LEATHER from spawner for 1917$ (Currency: VAULT)
Time: 2025-03-04 00:40:45 | nua sold 43060 BEEF from spawner for 11K$ (Currency: VAULT)
Time: 2025-03-04 00:40:45 | nua sold 21447 LEATHER from spawner for 16K$ (Currency: VAULT)
Time: 2025-03-04 00:40:48 | nua sold 11243 POPPY from spawner for 2810$ (Currency: VAULT)
Time: 2025-03-04 00:40:48 | nua sold 44779 IRON_INGOT from spawner for 269K$ (Currency: VAULT)
Time: 2025-03-04 00:46:57 | nua sold 5291 POPPY from spawner for 1322$ (Currency: VAULT)
Time: 2025-03-04 00:46:57 | nua sold 20849 IRON_INGOT from spawner for 125K$ (Currency: VAULT)
Time: 2025-03-04 01:09:36 | nua sold 45829 BEEF from spawner for 11K$ (Currency: VAULT)
Time: 2025-03-04 01:09:36 | nua sold 23094 LEATHER from spawner for 17K$ (Currency: VAULT)
Time: 2025-03-04 01:09:40 | nua sold 9163 POPPY from spawner for 2290$ (Currency: VAULT)
Time: 2025-03-04 01:09:40 | nua sold 36748 IRON_INGOT from spawner for 220K$ (Currency: VAULT)
Time: 2025-03-04 01:10:22 | nua sold 658 POPPY from spawner for 164$ (Currency: VAULT)
Time: 2025-03-04 01:10:22 | nua sold 2550 IRON_INGOT from spawner for 15K$ (Currency: VAULT)
Time: 2025-03-04 01:10:51 | nua sold 391 POPPY from spawner for 97$ (Currency: VAULT)
Time: 2025-03-04 01:10:51 | nua sold 1431 IRON_INGOT from spawner for 8586$ (Currency: VAULT)
Time: 2025-03-04 01:11:21 | nua sold 590 POPPY from spawner for 147$ (Currency: VAULT)
Time: 2025-03-04 01:11:21 | nua sold 2347 IRON_INGOT from spawner for 14K$ (Currency: VAULT)
Time: 2025-03-04 01:11:51 | nua sold 750 POPPY from spawner for 187$ (Currency: VAULT)
Time: 2025-03-04 01:11:51 | nua sold 3059 IRON_INGOT from spawner for 18K$ (Currency: VAULT)
Time: 2025-03-04 01:12:21 | nua sold 272 POPPY from spawner for 68$ (Currency: VAULT)
Time: 2025-03-04 01:12:21 | nua sold 972 IRON_INGOT from spawner for 5832$ (Currency: VAULT)
Time: 2025-03-04 01:12:51 | nua sold 346 POPPY from spawner for 86$ (Currency: VAULT)
Time: 2025-03-04 01:12:51 | nua sold 1375 IRON_INGOT from spawner for 8250$ (Currency: VAULT)
Time: 2025-03-04 01:13:21 | nua sold 409 POPPY from spawner for 102$ (Currency: VAULT)
Time: 2025-03-04 01:13:21 | nua sold 1685 IRON_INGOT from spawner for 10K$ (Currency: VAULT)
Time: 2025-03-04 01:13:51 | nua sold 693 POPPY from spawner for 173$ (Currency: VAULT)
Time: 2025-03-04 01:13:51 | nua sold 2771 IRON_INGOT from spawner for 17K$ (Currency: VAULT)
Time: 2025-03-04 01:14:22 | nua sold 434 POPPY from spawner for 108$ (Currency: VAULT)
Time: 2025-03-04 01:14:22 | nua sold 1673 IRON_INGOT from spawner for 10K$ (Currency: VAULT)
Time: 2025-03-04 01:14:52 | nua sold 506 POPPY from spawner for 126$ (Currency: VAULT)
Time: 2025-03-04 01:14:52 | nua sold 1921 IRON_INGOT from spawner for 12K$ (Currency: VAULT)
Time: 2025-03-04 01:15:22 | nua sold 674 POPPY from spawner for 168$ (Currency: VAULT)
Time: 2025-03-04 01:15:22 | nua sold 2800 IRON_INGOT from spawner for 17K$ (Currency: VAULT)
Time: 2025-03-04 01:15:52 | nua sold 732 POPPY from spawner for 183$ (Currency: VAULT)
Time: 2025-03-04 01:15:52 | nua sold 2970 IRON_INGOT from spawner for 18K$ (Currency: VAULT)
Time: 2025-03-04 01:16:22 | nua sold 726 POPPY from spawner for 181$ (Currency: VAULT)
Time: 2025-03-04 01:16:22 | nua sold 2843 IRON_INGOT from spawner for 17K$ (Currency: VAULT)
Time: 2025-03-04 01:16:52 | nua sold 689 POPPY from spawner for 172$ (Currency: VAULT)
Time: 2025-03-04 01:16:52 | nua sold 2688 IRON_INGOT from spawner for 16K$ (Currency: VAULT)
Time: 2025-03-04 01:17:22 | nua sold 837 POPPY from spawner for 209$ (Currency: VAULT)
Time: 2025-03-04 01:17:22 | nua sold 3264 IRON_INGOT from spawner for 20K$ (Currency: VAULT)
Time: 2025-03-04 15:11:17 | BravePLN23 sold 2295 ROTTEN_FLESH from spawner for 6885$ (Currency: VAULT)
Time: 2025-03-04 15:11:17 | BravePLN23 sold 23 CARROT from spawner for 28$ (Currency: VAULT)
Time: 2025-03-04 15:11:17 | BravePLN23 sold 17 POTATO from spawner for 21$ (Currency: VAULT)
Time: 2025-03-04 15:19:39 | daxkqueue sold 6236 POPPY from spawner for 1559$ (Currency: VAULT)
Time: 2025-03-04 15:29:21 | daxkqueue sold 17060 LEATHER from spawner for 13K$ (Currency: VAULT)
Time: 2025-03-04 15:29:21 | daxkqueue sold 33637 BEEF from spawner for 8409$ (Currency: VAULT)
Time: 2025-03-04 15:29:25 | daxkqueue sold 532 GUNPOWDER from spawner for 2660$ (Currency: VAULT)
Time: 2025-03-04 15:29:26 | daxkqueue sold 119 BLAZE_ROD from spawner for 1190$ (Currency: VAULT)
Time: 2025-03-04 15:33:22 | daxkqueue sold 5213 IRON_INGOT from spawner for 31K$ (Currency: VAULT)
Time: 2025-03-04 15:33:22 | daxkqueue sold 1266 POPPY from spawner for 316$ (Currency: VAULT)
Time: 2025-03-04 15:33:51 | BravePLN23 sold 6 IRON_INGOT from spawner for 36$ (Currency: VAULT)
Time: 2025-03-04 15:33:51 | BravePLN23 sold 776 ROTTEN_FLESH from spawner for 2328$ (Currency: VAULT)
Time: 2025-03-04 15:33:51 | BravePLN23 sold 5 CARROT from spawner for 6$ (Currency: VAULT)
Time: 2025-03-04 15:33:51 | BravePLN23 sold 9 POTATO from spawner for 11$ (Currency: VAULT)
Time: 2025-03-04 15:55:23 | daxkqueue sold 16519 IRON_INGOT from spawner for 99K$ (Currency: VAULT)
Time: 2025-03-04 15:55:23 | daxkqueue sold 4080 POPPY from spawner for 1020$ (Currency: VAULT)
Time: 2025-03-04 21:13:40 | nua sold 7740 LEATHER from spawner for 5805$ (Currency: VAULT)
Time: 2025-03-04 21:13:40 | nua sold 15312 BEEF from spawner for 3828$ (Currency: VAULT)
Time: 2025-03-04 21:13:42 | nua sold 2652 POPPY from spawner for 663$ (Currency: VAULT)
Time: 2025-03-04 21:13:42 | nua sold 4890 IRON_INGOT from spawner for 29K$ (Currency: VAULT)
Time: 2025-03-04 21:14:02 | CPBR sold 9 BLAZE_ROD from spawner for 90$ (Currency: VAULT)
Time: 2025-03-04 21:14:12 | CPBR sold 33 GUNPOWDER from spawner for 165$ (Currency: VAULT)
Time: 2025-03-04 21:15:35 | nua sold 634 POPPY from spawner for 158$ (Currency: VAULT)
Time: 2025-03-04 21:15:35 | nua sold 2722 IRON_INGOT from spawner for 16K$ (Currency: VAULT)
Time: 2025-03-04 21:17:53 | nua sold 1893 POPPY from spawner for 473$ (Currency: VAULT)
Time: 2025-03-04 21:17:53 | nua sold 7147 IRON_INGOT from spawner for 43K$ (Currency: VAULT)
Time: 2025-03-04 21:21:55 | nua sold 2951 POPPY from spawner for 737$ (Currency: VAULT)
Time: 2025-03-04 21:21:55 | nua sold 11640 IRON_INGOT from spawner for 70K$ (Currency: VAULT)
Time: 2025-03-04 21:22:04 | CPBR sold 24 BLAZE_ROD from spawner for 240$ (Currency: VAULT)
Time: 2025-03-04 21:22:06 | CPBR sold 89 GUNPOWDER from spawner for 445$ (Currency: VAULT)
Time: 2025-03-04 21:22:08 | CPBR sold 16773 LEATHER from spawner for 13K$ (Currency: VAULT)
Time: 2025-03-04 21:22:08 | CPBR sold 33579 BEEF from spawner for 8394$ (Currency: VAULT)
Time: 2025-03-04 21:22:12 | CPBR sold 408 POPPY from spawner for 102$ (Currency: VAULT)
Time: 2025-03-04 21:22:12 | CPBR sold 1619 IRON_INGOT from spawner for 9714$ (Currency: VAULT)
Time: 2025-03-04 23:54:11 | daxkqueue sold 15684 IRON_INGOT from spawner for 94K$ (Currency: VAULT)
Time: 2025-03-04 23:54:11 | daxkqueue sold 24448 POPPY from spawner for 6112$ (Currency: VAULT)
Time: 2025-03-05 00:05:34 | daxkqueue sold 29205 POPPY from spawner for 7301$ (Currency: VAULT)
Time: 2025-03-06 00:42:58 | daxkqueue sold 2653 POPPY from spawner for 663$ (Currency: VAULT)
Time: 2025-03-06 00:44:41 | daxkqueue sold 1011 LEATHER from spawner for 758$ (Currency: VAULT)
Time: 2025-03-06 00:44:41 | daxkqueue sold 2103 BEEF from spawner for 525$ (Currency: VAULT)
Time: 2025-03-06 00:44:45 | daxkqueue sold 551 POPPY from spawner for 137$ (Currency: VAULT)
Time: 2025-03-06 01:13:47 | daxkqueue sold 73131 POPPY from spawner for 18K$ (Currency: VAULT)
Time: 2025-03-06 01:13:47 | daxkqueue sold 292672 IRON_INGOT from spawner for 1.8M$ (Currency: VAULT)
Time: 2025-03-06 01:15:10 | daxkqueue sold 5510 POPPY from spawner for 1377$ (Currency: VAULT)
Time: 2025-03-06 01:15:10 | daxkqueue sold 21216 IRON_INGOT from spawner for 127K$ (Currency: VAULT)
Time: 2025-03-06 01:15:15 | daxkqueue sold 2662 POPPY from spawner for 665$ (Currency: VAULT)
Time: 2025-03-06 01:15:15 | daxkqueue sold 10689 IRON_INGOT from spawner for 64K$ (Currency: VAULT)
Time: 2025-03-06 01:15:58 | daxkqueue sold 4399 POPPY from spawner for 1099$ (Currency: VAULT)
Time: 2025-03-06 01:15:58 | daxkqueue sold 17821 IRON_INGOT from spawner for 107K$ (Currency: VAULT)
Time: 2025-03-06 14:28:18 | daxkqueue sold 3214 POPPY from spawner for 803$ (Currency: VAULT)
Time: 2025-03-06 14:28:18 | daxkqueue sold 12776 IRON_INGOT from spawner for 77K$ (Currency: VAULT)
Time: 2025-03-06 14:40:51 | BravePLN23 sold 6 CARROT from spawner for 7$ (Currency: VAULT)
Time: 2025-03-06 14:40:51 | BravePLN23 sold 801 ROTTEN_FLESH from spawner for 2403$ (Currency: VAULT)
Time: 2025-03-06 14:40:51 | BravePLN23 sold 7 POTATO from spawner for 8$ (Currency: VAULT)
Time: 2025-03-06 14:40:51 | BravePLN23 sold 1 IRON_INGOT from spawner for 6$ (Currency: VAULT)
Time: 2025-03-06 14:45:50 | daxkqueue sold 10944 POPPY from spawner for 2736$ (Currency: VAULT)
Time: 2025-03-06 14:48:02 | daxkqueue sold 5638 POPPY from spawner for 1409$ (Currency: VAULT)
Time: 2025-03-06 14:48:02 | daxkqueue sold 22356 IRON_INGOT from spawner for 134K$ (Currency: VAULT)
Time: 2025-03-06 14:54:40 | daxkqueue sold 7762 POPPY from spawner for 1940$ (Currency: VAULT)
Time: 2025-03-06 14:54:40 | daxkqueue sold 31347 IRON_INGOT from spawner for 188K$ (Currency: VAULT)
Time: 2025-03-06 15:26:39 | daxkqueue sold 5095 POPPY from spawner for 1273$ (Currency: VAULT)
Time: 2025-03-06 15:26:39 | daxkqueue sold 20259 IRON_INGOT from spawner for 122K$ (Currency: VAULT)
Time: 2025-03-06 15:39:04 | daxkqueue sold 1644 POPPY from spawner for 411$ (Currency: VAULT)
Time: 2025-03-06 15:39:04 | daxkqueue sold 6297 IRON_INGOT from spawner for 38K$ (Currency: VAULT)
Time: 2025-03-06 23:53:16 | CPBR sold 6542 BEEF from spawner for 1635$ (Currency: VAULT)
Time: 2025-03-06 23:53:16 | CPBR sold 3134 LEATHER from spawner for 2350$ (Currency: VAULT)
Time: 2025-03-06 23:53:19 | CPBR sold 8373 IRON_INGOT from spawner for 50K$ (Currency: VAULT)
Time: 2025-03-06 23:53:19 | CPBR sold 2134 POPPY from spawner for 533$ (Currency: VAULT)
Time: 2025-03-07 00:05:09 | daxkqueue sold 9204 IRON_INGOT from spawner for 55K$ (Currency: VAULT)
Time: 2025-03-07 00:05:09 | daxkqueue sold 2291 POPPY from spawner for 572$ (Currency: VAULT)
Time: 2025-03-07 00:09:37 | daxkqueue sold 73474 IRON_INGOT from spawner for 441K$ (Currency: VAULT)
Time: 2025-03-07 00:09:37 | daxkqueue sold 18120 POPPY from spawner for 4530$ (Currency: VAULT)
Time: 2025-03-07 00:10:05 | daxkqueue sold 14081 IRON_INGOT from spawner for 84K$ (Currency: VAULT)
Time: 2025-03-07 00:10:05 | daxkqueue sold 3540 POPPY from spawner for 885$ (Currency: VAULT)
Time: 2025-03-07 00:32:38 | daxkqueue sold 446880 IRON_INGOT from spawner for 2.7M$ (Currency: VAULT)
Time: 2025-03-07 00:32:38 | daxkqueue sold 111656 POPPY from spawner for 28K$ (Currency: VAULT)
Time: 2025-03-07 00:34:43 | daxkqueue sold 1273 IRON_INGOT from spawner for 7638$ (Currency: VAULT)
Time: 2025-03-07 00:34:43 | daxkqueue sold 331 POPPY from spawner for 82$ (Currency: VAULT)
Time: 2025-03-07 00:34:46 | daxkqueue sold 2101 BEEF from spawner for 525$ (Currency: VAULT)
Time: 2025-03-07 00:34:46 | daxkqueue sold 998 LEATHER from spawner for 748$ (Currency: VAULT)
Time: 2025-03-07 00:34:49 | daxkqueue sold 5 BLAZE_ROD from spawner for 50$ (Currency: VAULT)
Time: 2025-03-07 21:26:07 | daxkqueue sold 6699 POPPY from spawner for 1674$ (Currency: VAULT)
Time: 2025-03-07 21:27:59 | CPBR sold 6570 BEEF from spawner for 1642$ (Currency: VAULT)
Time: 2025-03-07 21:27:59 | CPBR sold 3291 LEATHER from spawner for 2468$ (Currency: VAULT)
Time: 2025-03-07 21:28:03 | CPBR sold 102 GUNPOWDER from spawner for 510$ (Currency: VAULT)
Time: 2025-03-07 21:28:07 | nua sold 1660 POPPY from spawner for 415$ (Currency: VAULT)
Time: 2025-03-07 21:28:07 | nua sold 872 IRON_INGOT from spawner for 5232$ (Currency: VAULT)
Time: 2025-03-07 21:30:06 | BravePLN23 sold 1 IRON_INGOT from spawner for 6$ (Currency: VAULT)
Time: 2025-03-07 21:30:06 | BravePLN23 sold 2011 ROTTEN_FLESH from spawner for 6033$ (Currency: VAULT)
Time: 2025-03-07 21:30:06 | BravePLN23 sold 15 POTATO from spawner for 18$ (Currency: VAULT)
Time: 2025-03-07 21:30:06 | BravePLN23 sold 18 CARROT from spawner for 22$ (Currency: VAULT)
Time: 2025-03-07 21:43:46 | daxkqueue sold 13365 POPPY from spawner for 3341$ (Currency: VAULT)
Time: 2025-03-07 21:43:46 | daxkqueue sold 52798 IRON_INGOT from spawner for 317K$ (Currency: VAULT)
Time: 2025-03-07 21:56:29 | daxkqueue sold 3865 POPPY from spawner for 966$ (Currency: VAULT)
Time: 2025-03-07 21:56:29 | daxkqueue sold 15084 IRON_INGOT from spawner for 91K$ (Currency: VAULT)
Time: 2025-03-07 22:37:09 | daxkqueue sold 28788 POPPY from spawner for 7197$ (Currency: VAULT)
Time: 2025-03-07 22:37:09 | daxkqueue sold 114554 IRON_INGOT from spawner for 687K$ (Currency: VAULT)
Time: 2025-03-07 22:58:25 | daxkqueue sold 5131 POPPY from spawner for 1282$ (Currency: VAULT)
Time: 2025-03-07 22:58:25 | daxkqueue sold 20473 IRON_INGOT from spawner for 123K$ (Currency: VAULT)
Time: 2025-03-07 23:18:36 | daxkqueue sold 5179 POPPY from spawner for 1294$ (Currency: VAULT)
Time: 2025-03-07 23:18:36 | daxkqueue sold 20965 IRON_INGOT from spawner for 126K$ (Currency: VAULT)
Time: 2025-03-07 23:25:10 | daxkqueue sold 7359 POPPY from spawner for 1839$ (Currency: VAULT)
Time: 2025-03-07 23:25:10 | daxkqueue sold 29185 IRON_INGOT from spawner for 175K$ (Currency: VAULT)
Time: 2025-03-07 23:25:10 | nua sold 9476 POPPY from spawner for 2369$ (Currency: VAULT)
Time: 2025-03-07 23:25:10 | nua sold 37840 IRON_INGOT from spawner for 227K$ (Currency: VAULT)
Time: 2025-03-07 23:34:14 | daxkqueue sold 45327 POPPY from spawner for 11K$ (Currency: VAULT)
Time: 2025-03-07 23:34:14 | daxkqueue sold 180526 IRON_INGOT from spawner for 1.1M$ (Currency: VAULT)
Time: 2025-03-07 23:36:50 | daxkqueue sold 9393 POPPY from spawner for 2348$ (Currency: VAULT)
Time: 2025-03-07 23:36:50 | daxkqueue sold 37065 IRON_INGOT from spawner for 222K$ (Currency: VAULT)
Time: 2025-03-07 23:38:51 | daxkqueue sold 12484 POPPY from spawner for 3121$ (Currency: VAULT)
Time: 2025-03-07 23:38:51 | daxkqueue sold 50412 IRON_INGOT from spawner for 302K$ (Currency: VAULT)
Time: 2025-03-07 23:42:12 | daxkqueue sold 9114 POPPY from spawner for 2278$ (Currency: VAULT)
Time: 2025-03-07 23:42:12 | daxkqueue sold 36487 IRON_INGOT from spawner for 219K$ (Currency: VAULT)
Time: 2025-03-07 23:42:20 | nua sold 1620 BEEF from spawner for 405$ (Currency: VAULT)
Time: 2025-03-07 23:42:20 | nua sold 733 LEATHER from spawner for 549$ (Currency: VAULT)
Time: 2025-03-07 23:42:26 | nua sold 530 POPPY from spawner for 132$ (Currency: VAULT)
Time: 2025-03-07 23:42:26 | nua sold 2236 IRON_INGOT from spawner for 13K$ (Currency: VAULT)
Time: 2025-03-07 23:43:21 | daxkqueue sold 5459 POPPY from spawner for 1364$ (Currency: VAULT)
Time: 2025-03-07 23:43:21 | daxkqueue sold 22232 IRON_INGOT from spawner for 133K$ (Currency: VAULT)
Time: 2025-03-07 23:44:44 | daxkqueue sold 4373 POPPY from spawner for 1093$ (Currency: VAULT)
Time: 2025-03-07 23:44:44 | daxkqueue sold 17725 IRON_INGOT from spawner for 106K$ (Currency: VAULT)
Time: 2025-03-07 23:52:52 | daxkqueue sold 33897 POPPY from spawner for 8474$ (Currency: VAULT)
Time: 2025-03-07 23:52:52 | daxkqueue sold 135852 IRON_INGOT from spawner for 815K$ (Currency: VAULT)
Time: 2025-03-07 23:54:49 | daxkqueue sold 9999 POPPY from spawner for 2499$ (Currency: VAULT)
Time: 2025-03-07 23:54:49 | daxkqueue sold 40344 IRON_INGOT from spawner for 242K$ (Currency: VAULT)
Time: 2025-03-08 20:28:44 | daxkqueue sold 69526 IRON_INGOT from spawner for 417K$ (Currency: VAULT)
Time: 2025-03-08 20:28:44 | daxkqueue sold 17325 POPPY from spawner for 4331$ (Currency: VAULT)
Time: 2025-03-08 22:17:11 | CPBR sold 7760 POPPY from spawner for 1940$ (Currency: VAULT)
Time: 2025-03-08 22:19:09 | BravePLN23 sold 3145 ROTTEN_FLESH from spawner for 9435$ (Currency: VAULT)
Time: 2025-03-08 22:19:09 | BravePLN23 sold 24 CARROT from spawner for 30$ (Currency: VAULT)
Time: 2025-03-08 22:19:09 | BravePLN23 sold 24 POTATO from spawner for 30$ (Currency: VAULT)
Time: 2025-03-08 22:21:04 | Kongki_ki sold 221 POPPY from spawner for 55$ (Currency: VAULT)
Time: 2025-03-08 22:21:21 | Kongki_ki sold 1 POPPY from spawner for 0$ (Currency: VAULT)
Time: 2025-03-08 22:39:44 | daxkqueue sold 38918 IRON_INGOT from spawner for 234K$ (Currency: VAULT)
Time: 2025-03-08 22:39:44 | daxkqueue sold 9749 POPPY from spawner for 2437$ (Currency: VAULT)
Time: 2025-03-08 22:40:23 | BravePLN23 sold 14329 IRON_INGOT from spawner for 86K$ (Currency: VAULT)
Time: 2025-03-08 22:40:23 | BravePLN23 sold 3679 POPPY from spawner for 919$ (Currency: VAULT)
Time: 2025-03-08 22:41:10 | daxkqueue sold 8191 IRON_INGOT from spawner for 49K$ (Currency: VAULT)
Time: 2025-03-08 22:41:10 | daxkqueue sold 2012 POPPY from spawner for 503$ (Currency: VAULT)
Time: 2025-03-08 22:41:53 | daxkqueue sold 12528 IRON_INGOT from spawner for 75K$ (Currency: VAULT)
Time: 2025-03-08 22:41:53 | daxkqueue sold 3219 POPPY from spawner for 804$ (Currency: VAULT)
Time: 2025-03-08 22:43:11 | daxkqueue sold 22070 IRON_INGOT from spawner for 132K$ (Currency: VAULT)
Time: 2025-03-08 22:43:11 | daxkqueue sold 5466 POPPY from spawner for 1366$ (Currency: VAULT)
Time: 2025-03-08 22:51:08 | daxkqueue sold 60037 IRON_INGOT from spawner for 360K$ (Currency: VAULT)
Time: 2025-03-08 22:51:08 | daxkqueue sold 14989 POPPY from spawner for 3747$ (Currency: VAULT)
Time: 2025-03-08 22:53:06 | CPBR sold 21366 LEATHER from spawner for 16K$ (Currency: VAULT)
Time: 2025-03-08 22:53:06 | CPBR sold 42790 BEEF from spawner for 11K$ (Currency: VAULT)
Time: 2025-03-08 22:53:09 | CPBR sold 974 GUNPOWDER from spawner for 4870$ (Currency: VAULT)
Time: 2025-03-08 22:53:17 | daxkqueue sold 34367 LEATHER from spawner for 26K$ (Currency: VAULT)
Time: 2025-03-08 22:53:17 | daxkqueue sold 69615 BEEF from spawner for 17K$ (Currency: VAULT)
Time: 2025-03-08 22:54:04 | CPBR sold 55 BLAZE_ROD from spawner for 550$ (Currency: VAULT)
Time: 2025-03-08 22:55:45 | BravePLN23 sold 792 ROTTEN_FLESH from spawner for 2376$ (Currency: VAULT)
Time: 2025-03-08 22:55:45 | BravePLN23 sold 8 IRON_INGOT from spawner for 48$ (Currency: VAULT)
Time: 2025-03-08 22:55:45 | BravePLN23 sold 5 CARROT from spawner for 6$ (Currency: VAULT)
Time: 2025-03-08 22:55:45 | BravePLN23 sold 6 POTATO from spawner for 7$ (Currency: VAULT)
Time: 2025-03-08 22:58:30 | daxkqueue sold 17828 IRON_INGOT from spawner for 107K$ (Currency: VAULT)
Time: 2025-03-08 22:58:30 | daxkqueue sold 4474 POPPY from spawner for 1118$ (Currency: VAULT)
Time: 2025-03-08 22:58:33 | BravePLN23 sold 22170 IRON_INGOT from spawner for 133K$ (Currency: VAULT)
Time: 2025-03-08 22:58:33 | BravePLN23 sold 5547 POPPY from spawner for 1386$ (Currency: VAULT)
Time: 2025-03-08 23:04:09 | daxkqueue sold 14408 IRON_INGOT from spawner for 86K$ (Currency: VAULT)
Time: 2025-03-08 23:04:09 | daxkqueue sold 3598 POPPY from spawner for 899$ (Currency: VAULT)
Time: 2025-03-08 23:07:36 | Kongki_ki sold 56612 IRON_INGOT from spawner for 340K$ (Currency: VAULT)
Time: 2025-03-08 23:07:36 | Kongki_ki sold 14202 POPPY from spawner for 3550$ (Currency: VAULT)
Time: 2025-03-08 23:11:28 | Kongki_ki sold 59563 IRON_INGOT from spawner for 357K$ (Currency: VAULT)
Time: 2025-03-08 23:11:28 | Kongki_ki sold 14861 POPPY from spawner for 3715$ (Currency: VAULT)
Time: 2025-03-08 23:15:39 | Kongki_ki sold 232 IRON_INGOT from spawner for 1392$ (Currency: VAULT)
Time: 2025-03-08 23:15:39 | Kongki_ki sold 57 POPPY from spawner for 14$ (Currency: VAULT)
Time: 2025-03-08 23:25:57 | Kongki_ki sold 32640 IRON_INGOT from spawner for 196K$ (Currency: VAULT)
Time: 2025-03-08 23:25:57 | Kongki_ki sold 8218 POPPY from spawner for 2054$ (Currency: VAULT)
Time: 2025-03-09 00:16:58 | CPBR sold 2 LEATHER from spawner for 1$ (Currency: VAULT)
Time: 2025-03-09 00:16:58 | CPBR sold 12 BEEF from spawner for 3$ (Currency: VAULT)
Time: 2025-03-09 00:20:25 | CPBR sold 3 LEATHER from spawner for 2$ (Currency: VAULT)
Time: 2025-03-09 00:20:25 | CPBR sold 6 BEEF from spawner for 1$ (Currency: VAULT)
Time: 2025-03-09 00:41:08 | CPBR sold 2624 IRON_INGOT from spawner for 16K$ (Currency: VAULT)
Time: 2025-03-09 00:41:08 | CPBR sold 667 POPPY from spawner for 166$ (Currency: VAULT)
Time: 2025-03-09 00:46:00 | CPBR sold 4788 IRON_INGOT from spawner for 29K$ (Currency: VAULT)
Time: 2025-03-09 00:46:00 | CPBR sold 1220 POPPY from spawner for 305$ (Currency: VAULT)
Time: 2025-03-09 21:34:07 | CPBR sold 1765 POPPY from spawner for 441$ (Currency: VAULT)
Time: 2025-03-09 21:35:42 | daxkqueue sold 40551 POPPY from spawner for 10K$ (Currency: VAULT)
Time: 2025-03-09 21:36:11 | CPBR sold 2579 IRON_INGOT from spawner for 15K$ (Currency: VAULT)
Time: 2025-03-09 21:36:11 | CPBR sold 644 POPPY from spawner for 161$ (Currency: VAULT)
Time: 2025-03-09 21:37:05 | nua sold 6895 IRON_INGOT from spawner for 41K$ (Currency: VAULT)
Time: 2025-03-09 21:37:05 | nua sold 2109 POPPY from spawner for 527$ (Currency: VAULT)
Time: 2025-03-09 21:37:43 | CPBR sold 1912 IRON_INGOT from spawner for 11K$ (Currency: VAULT)
Time: 2025-03-09 21:37:43 | CPBR sold 475 POPPY from spawner for 118$ (Currency: VAULT)
Time: 2025-03-09 21:38:59 | CPBR sold 10469 BEEF from spawner for 2617$ (Currency: VAULT)
Time: 2025-03-09 21:38:59 | CPBR sold 5291 LEATHER from spawner for 3968$ (Currency: VAULT)
Time: 2025-03-09 21:40:10 | CPBR sold 308 GUNPOWDER from spawner for 1540$ (Currency: VAULT)
Time: 2025-03-09 21:43:30 | nua sold 6960 IRON_INGOT from spawner for 42K$ (Currency: VAULT)
Time: 2025-03-09 21:43:30 | nua sold 1752 POPPY from spawner for 438$ (Currency: VAULT)
Time: 2025-03-09 21:46:45 | nua sold 7531 IRON_INGOT from spawner for 45K$ (Currency: VAULT)
Time: 2025-03-09 21:46:45 | nua sold 1926 POPPY from spawner for 481$ (Currency: VAULT)
Time: 2025-03-09 21:46:49 | nua sold 17400 BEEF from spawner for 4350$ (Currency: VAULT)
Time: 2025-03-09 21:46:49 | nua sold 8695 LEATHER from spawner for 6521$ (Currency: VAULT)
Time: 2025-03-09 21:49:30 | CPBR sold 16775 BEEF from spawner for 4193$ (Currency: VAULT)
Time: 2025-03-09 21:49:30 | CPBR sold 8453 LEATHER from spawner for 6339$ (Currency: VAULT)
Time: 2025-03-09 21:53:44 | BravePLN23 sold 14 CARROT from spawner for 17$ (Currency: VAULT)
Time: 2025-03-09 21:53:44 | BravePLN23 sold 19 POTATO from spawner for 23$ (Currency: VAULT)
Time: 2025-03-09 21:53:44 | BravePLN23 sold 3 IRON_INGOT from spawner for 18$ (Currency: VAULT)
Time: 2025-03-09 21:53:44 | BravePLN23 sold 1488 ROTTEN_FLESH from spawner for 4464$ (Currency: VAULT)
Time: 2025-03-09 21:56:21 | nua sold 2793 IRON_INGOT from spawner for 17K$ (Currency: VAULT)
Time: 2025-03-09 21:56:21 | nua sold 698 POPPY from spawner for 174$ (Currency: VAULT)
Time: 2025-03-09 21:58:50 | CPBR sold 1479 IRON_INGOT from spawner for 8874$ (Currency: VAULT)
Time: 2025-03-09 21:58:50 | CPBR sold 365 POPPY from spawner for 91$ (Currency: VAULT)
Time: 2025-03-09 22:02:24 | nua sold 15464 IRON_INGOT from spawner for 93K$ (Currency: VAULT)
Time: 2025-03-09 22:02:24 | nua sold 3961 POPPY from spawner for 990$ (Currency: VAULT)
Time: 2025-03-09 22:02:28 | nua sold 24319 BEEF from spawner for 6079$ (Currency: VAULT)
Time: 2025-03-09 22:02:28 | nua sold 12230 LEATHER from spawner for 9172$ (Currency: VAULT)
Time: 2025-03-09 22:17:52 | CPBR sold 1502 BEEF from spawner for 375$ (Currency: VAULT)
Time: 2025-03-09 22:17:52 | CPBR sold 761 LEATHER from spawner for 570$ (Currency: VAULT)
Time: 2025-03-09 22:17:57 | CPBR sold 71 BLAZE_ROD from spawner for 710$ (Currency: VAULT)
Time: 2025-03-09 22:19:40 | CPBR sold 208 BEEF from spawner for 52$ (Currency: VAULT)
Time: 2025-03-09 22:19:40 | CPBR sold 104 LEATHER from spawner for 78$ (Currency: VAULT)
Time: 2025-03-09 22:20:08 | CPBR sold 56 BEEF from spawner for 14$ (Currency: VAULT)
Time: 2025-03-09 22:20:08 | CPBR sold 25 LEATHER from spawner for 18$ (Currency: VAULT)
Time: 2025-03-09 22:25:37 | CPBR sold 2890 BEEF from spawner for 722$ (Currency: VAULT)
Time: 2025-03-09 22:25:37 | CPBR sold 1447 LEATHER from spawner for 1085$ (Currency: VAULT)
Time: 2025-03-09 22:47:44 | daxkqueue sold 57628 IRON_INGOT from spawner for 346K$ (Currency: VAULT)
Time: 2025-03-09 22:47:44 | daxkqueue sold 14442 POPPY from spawner for 3610$ (Currency: VAULT)
Time: 2025-03-09 22:52:57 | daxkqueue sold 105177 IRON_INGOT from spawner for 631K$ (Currency: VAULT)
Time: 2025-03-09 22:52:57 | daxkqueue sold 26363 POPPY from spawner for 6590$ (Currency: VAULT)
Time: 2025-03-09 22:53:59 | daxkqueue sold 15697 IRON_INGOT from spawner for 94K$ (Currency: VAULT)
Time: 2025-03-09 22:53:59 | daxkqueue sold 3935 POPPY from spawner for 983$ (Currency: VAULT)
Time: 2025-03-09 22:55:25 | daxkqueue sold 35615 IRON_INGOT from spawner for 214K$ (Currency: VAULT)
Time: 2025-03-09 22:55:25 | daxkqueue sold 8948 POPPY from spawner for 2237$ (Currency: VAULT)
Time: 2025-03-09 22:57:30 | daxkqueue sold 35168 IRON_INGOT from spawner for 211K$ (Currency: VAULT)
Time: 2025-03-09 22:57:30 | daxkqueue sold 8621 POPPY from spawner for 2155$ (Currency: VAULT)
Time: 2025-03-09 22:59:18 | daxkqueue sold 15535 IRON_INGOT from spawner for 93K$ (Currency: VAULT)
Time: 2025-03-09 22:59:18 | daxkqueue sold 3916 POPPY from spawner for 979$ (Currency: VAULT)
Time: 2025-03-09 23:01:07 | daxkqueue sold 37502 IRON_INGOT from spawner for 225K$ (Currency: VAULT)
Time: 2025-03-09 23:01:07 | daxkqueue sold 9329 POPPY from spawner for 2332$ (Currency: VAULT)
Time: 2025-03-09 23:03:12 | daxkqueue sold 23486 IRON_INGOT from spawner for 141K$ (Currency: VAULT)
Time: 2025-03-09 23:03:12 | daxkqueue sold 5815 POPPY from spawner for 1453$ (Currency: VAULT)
Time: 2025-03-09 23:05:41 | daxkqueue sold 47651 IRON_INGOT from spawner for 286K$ (Currency: VAULT)
Time: 2025-03-09 23:05:41 | daxkqueue sold 12000 POPPY from spawner for 3000$ (Currency: VAULT)
Time: 2025-03-09 23:14:45 | nua sold 3 POPPY from spawner for 0$ (Currency: VAULT)
Time: 2025-03-09 23:15:23 | nua sold 8 IRON_INGOT from spawner for 48$ (Currency: VAULT)
Time: 2025-03-09 23:15:23 | nua sold 3 POPPY from spawner for 0$ (Currency: VAULT)
Time: 2025-03-09 23:16:52 | daxkqueue sold 206518 IRON_INGOT from spawner for 1.2M$ (Currency: VAULT)
Time: 2025-03-09 23:16:52 | daxkqueue sold 51692 POPPY from spawner for 13K$ (Currency: VAULT)
Time: 2025-03-09 23:17:28 | nua sold 17075 IRON_INGOT from spawner for 102K$ (Currency: VAULT)
Time: 2025-03-09 23:17:28 | nua sold 4204 POPPY from spawner for 1051$ (Currency: VAULT)
Time: 2025-03-09 23:18:24 | daxkqueue sold 23474 IRON_INGOT from spawner for 141K$ (Currency: VAULT)
Time: 2025-03-09 23:18:24 | daxkqueue sold 5890 POPPY from spawner for 1472$ (Currency: VAULT)
Time: 2025-03-09 23:19:09 | nua sold 3437 IRON_INGOT from spawner for 21K$ (Currency: VAULT)
Time: 2025-03-09 23:19:09 | nua sold 847 POPPY from spawner for 211$ (Currency: VAULT)
Time: 2025-03-09 23:21:15 | nua sold 27608 BEEF from spawner for 6902$ (Currency: VAULT)
Time: 2025-03-09 23:21:15 | nua sold 14058 LEATHER from spawner for 11K$ (Currency: VAULT)
Time: 2025-03-09 23:21:19 | nua sold 2757 IRON_INGOT from spawner for 17K$ (Currency: VAULT)
Time: 2025-03-09 23:21:19 | nua sold 671 POPPY from spawner for 167$ (Currency: VAULT)
Time: 2025-03-09 23:27:51 | daxkqueue sold 179529 IRON_INGOT from spawner for 1.1M$ (Currency: VAULT)
Time: 2025-03-09 23:27:51 | daxkqueue sold 44962 POPPY from spawner for 11K$ (Currency: VAULT)
Time: 2025-03-09 23:37:20 | daxkqueue sold 203402 IRON_INGOT from spawner for 1.2M$ (Currency: VAULT)
Time: 2025-03-09 23:37:20 | daxkqueue sold 50833 POPPY from spawner for 13K$ (Currency: VAULT)
Time: 2025-03-09 23:39:35 | daxkqueue sold 27008 IRON_INGOT from spawner for 162K$ (Currency: VAULT)
Time: 2025-03-09 23:39:35 | daxkqueue sold 6745 POPPY from spawner for 1686$ (Currency: VAULT)
Time: 2025-03-09 23:40:07 | daxkqueue sold 21449 IRON_INGOT from spawner for 129K$ (Currency: VAULT)
Time: 2025-03-09 23:40:07 | daxkqueue sold 5333 POPPY from spawner for 1333$ (Currency: VAULT)
Time: 2025-03-09 23:41:10 | nua sold 10197 IRON_INGOT from spawner for 61K$ (Currency: VAULT)
Time: 2025-03-09 23:41:10 | nua sold 2514 POPPY from spawner for 628$ (Currency: VAULT)
Time: 2025-03-09 23:42:18 | daxkqueue sold 7219 IRON_INGOT from spawner for 43K$ (Currency: VAULT)
Time: 2025-03-09 23:42:18 | daxkqueue sold 1836 POPPY from spawner for 459$ (Currency: VAULT)
Time: 2025-03-09 23:43:08 | daxkqueue sold 13161 IRON_INGOT from spawner for 79K$ (Currency: VAULT)
Time: 2025-03-09 23:43:08 | daxkqueue sold 3150 POPPY from spawner for 787$ (Currency: VAULT)
Time: 2025-03-09 23:45:45 | daxkqueue sold 33899 IRON_INGOT from spawner for 203K$ (Currency: VAULT)
Time: 2025-03-09 23:45:45 | daxkqueue sold 8527 POPPY from spawner for 2131$ (Currency: VAULT)
Time: 2025-03-09 23:48:24 | nua sold 1685 IRON_INGOT from spawner for 10K$ (Currency: VAULT)
Time: 2025-03-09 23:48:24 | nua sold 415 POPPY from spawner for 103$ (Currency: VAULT)
Time: 2025-03-10 00:04:29 | CPBR sold 1093 IRON_INGOT from spawner for 6558$ (Currency: VAULT)
Time: 2025-03-10 00:04:29 | CPBR sold 261 POPPY from spawner for 65$ (Currency: VAULT)
Time: 2025-03-10 00:04:46 | daxkqueue sold 241821 IRON_INGOT from spawner for 1.5M$ (Currency: VAULT)
Time: 2025-03-10 00:04:46 | daxkqueue sold 60649 POPPY from spawner for 15K$ (Currency: VAULT)
Time: 2025-03-10 00:06:55 | daxkqueue sold 48637 IRON_INGOT from spawner for 292K$ (Currency: VAULT)
Time: 2025-03-10 00:06:55 | daxkqueue sold 12252 POPPY from spawner for 3063$ (Currency: VAULT)
Time: 2025-03-10 00:08:00 | nua sold 26954 IRON_INGOT from spawner for 162K$ (Currency: VAULT)
Time: 2025-03-10 00:08:00 | nua sold 6758 POPPY from spawner for 1689$ (Currency: VAULT)
Time: 2025-03-10 00:08:54 | daxkqueue sold 23149 IRON_INGOT from spawner for 139K$ (Currency: VAULT)
Time: 2025-03-10 00:08:54 | daxkqueue sold 5917 POPPY from spawner for 1479$ (Currency: VAULT)
Time: 2025-03-10 00:09:12 | nua sold 2103 IRON_INGOT from spawner for 13K$ (Currency: VAULT)
Time: 2025-03-10 00:09:12 | nua sold 522 POPPY from spawner for 130$ (Currency: VAULT)
Time: 2025-03-10 00:09:16 | nua sold 9678 BEEF from spawner for 2419$ (Currency: VAULT)
Time: 2025-03-10 00:09:16 | nua sold 4923 LEATHER from spawner for 3692$ (Currency: VAULT)
Time: 2025-03-10 00:10:22 | daxkqueue sold 41821 IRON_INGOT from spawner for 251K$ (Currency: VAULT)
Time: 2025-03-10 00:10:22 | daxkqueue sold 10584 POPPY from spawner for 2646$ (Currency: VAULT)
Time: 2025-03-10 00:11:09 | daxkqueue sold 28200 IRON_INGOT from spawner for 169K$ (Currency: VAULT)
Time: 2025-03-10 00:11:09 | daxkqueue sold 7055 POPPY from spawner for 1763$ (Currency: VAULT)
Time: 2025-03-10 00:23:19 | daxkqueue sold 47220 IRON_INGOT from spawner for 283K$ (Currency: VAULT)
Time: 2025-03-10 00:23:19 | daxkqueue sold 11654 POPPY from spawner for 2913$ (Currency: VAULT)
Time: 2025-03-10 00:37:08 | daxkqueue sold 281507 IRON_INGOT from spawner for 1.7M$ (Currency: VAULT)
Time: 2025-03-10 00:37:08 | daxkqueue sold 70472 POPPY from spawner for 18K$ (Currency: VAULT)
Time: 2025-03-10 01:24:28 | nua sold 41300 BEEF from spawner for 10K$ (Currency: VAULT)
Time: 2025-03-10 01:24:28 | nua sold 20586 LEATHER from spawner for 15K$ (Currency: VAULT)
Time: 2025-03-10 01:24:32 | nua sold 29791 IRON_INGOT from spawner for 179K$ (Currency: VAULT)
Time: 2025-03-10 01:24:32 | nua sold 7506 POPPY from spawner for 1876$ (Currency: VAULT)
Time: 2025-03-10 01:26:21 | nua sold 15864 IRON_INGOT from spawner for 95K$ (Currency: VAULT)
Time: 2025-03-10 01:26:21 | nua sold 3983 POPPY from spawner for 995$ (Currency: VAULT)
Time: 2025-03-10 01:26:57 | daxkqueue sold 13877 IRON_INGOT from spawner for 83K$ (Currency: VAULT)
Time: 2025-03-10 01:26:57 | daxkqueue sold 3383 POPPY from spawner for 845$ (Currency: VAULT)
Time: 2025-03-10 01:30:14 | daxkqueue sold 21388 IRON_INGOT from spawner for 128K$ (Currency: VAULT)
Time: 2025-03-10 01:30:14 | daxkqueue sold 5391 POPPY from spawner for 1347$ (Currency: VAULT)
Time: 2025-03-10 21:35:35 | nua sold 499 POPPY from spawner for 124$ (Currency: VAULT)
Time: 2025-03-10 21:35:40 | nua sold 827 LEATHER from spawner for 620$ (Currency: VAULT)
Time: 2025-03-10 21:35:40 | nua sold 1765 BEEF from spawner for 441$ (Currency: VAULT)
Time: 2025-03-10 21:37:48 | SUPASTRRAR sold 232 POPPY from spawner for 58$ (Currency: VAULT)
Time: 2025-03-10 21:37:59 | CPBR sold 18151 IRON_INGOT from spawner for 109K$ (Currency: VAULT)
Time: 2025-03-10 21:37:59 | CPBR sold 4667 POPPY from spawner for 1166$ (Currency: VAULT)
Time: 2025-03-10 21:39:21 | SUPASTRRAR sold 64 IRON_INGOT from spawner for 384$ (Currency: VAULT)
Time: 2025-03-10 21:39:21 | SUPASTRRAR sold 18 POPPY from spawner for 4$ (Currency: VAULT)
Time: 2025-03-10 21:46:29 | SUPASTRRAR sold 17808 LEATHER from spawner for 13K$ (Currency: VAULT)
Time: 2025-03-10 21:46:29 | SUPASTRRAR sold 35574 BEEF from spawner for 8893$ (Currency: VAULT)
Time: 2025-03-10 21:46:36 | SUPASTRRAR sold 2113 GUNPOWDER from spawner for 11K$ (Currency: VAULT)
Time: 2025-03-10 21:46:40 | SUPASTRRAR sold 116 BLAZE_ROD from spawner for 1160$ (Currency: VAULT)
Time: 2025-03-10 21:47:53 | nua sold 2228 IRON_INGOT from spawner for 13K$ (Currency: VAULT)
Time: 2025-03-10 21:47:53 | nua sold 528 POPPY from spawner for 132$ (Currency: VAULT)
Time: 2025-03-10 21:50:53 | SUPASTRRAR sold 839 LEATHER from spawner for 629$ (Currency: VAULT)
Time: 2025-03-10 21:50:53 | SUPASTRRAR sold 1597 BEEF from spawner for 399$ (Currency: VAULT)
Time: 2025-03-10 21:50:57 | SUPASTRRAR sold 308 IRON_INGOT from spawner for 1848$ (Currency: VAULT)
Time: 2025-03-10 21:50:57 | SUPASTRRAR sold 76 POPPY from spawner for 19$ (Currency: VAULT)
Time: 2025-03-10 21:53:48 | SUPASTRRAR sold 212 LEATHER from spawner for 159$ (Currency: VAULT)
Time: 2025-03-10 21:53:48 | SUPASTRRAR sold 414 BEEF from spawner for 103$ (Currency: VAULT)
Time: 2025-03-10 21:53:58 | SUPASTRRAR sold 21 IRON_INGOT from spawner for 126$ (Currency: VAULT)
Time: 2025-03-10 21:53:58 | SUPASTRRAR sold 6 POPPY from spawner for 1$ (Currency: VAULT)
Time: 2025-03-10 22:55:01 | nua sold 21086 IRON_INGOT from spawner for 127K$ (Currency: VAULT)
Time: 2025-03-10 22:55:01 | nua sold 5328 POPPY from spawner for 1332$ (Currency: VAULT)
Time: 2025-03-10 22:55:04 | nua sold 13197 LEATHER from spawner for 9897$ (Currency: VAULT)
Time: 2025-03-10 22:55:04 | nua sold 26376 BEEF from spawner for 6594$ (Currency: VAULT)
Time: 2025-03-10 22:56:37 | nua sold 20825 IRON_INGOT from spawner for 125K$ (Currency: VAULT)
Time: 2025-03-10 22:56:37 | nua sold 5140 POPPY from spawner for 1285$ (Currency: VAULT)
Time: 2025-03-10 22:58:13 | nua sold 50119 IRON_INGOT from spawner for 301K$ (Currency: VAULT)
Time: 2025-03-10 22:58:13 | nua sold 12599 POPPY from spawner for 3149$ (Currency: VAULT)
Time: 2025-03-10 23:03:24 | CPBR sold 10735 IRON_INGOT from spawner for 64K$ (Currency: VAULT)
Time: 2025-03-10 23:03:24 | CPBR sold 2638 POPPY from spawner for 659$ (Currency: VAULT)
Time: 2025-03-10 23:04:10 | CPBR sold 17244 IRON_INGOT from spawner for 103K$ (Currency: VAULT)
Time: 2025-03-10 23:04:10 | CPBR sold 4331 POPPY from spawner for 1082$ (Currency: VAULT)
Time: 2025-03-10 23:04:52 | CPBR sold 11531 IRON_INGOT from spawner for 69K$ (Currency: VAULT)
Time: 2025-03-10 23:04:52 | CPBR sold 2928 POPPY from spawner for 732$ (Currency: VAULT)
Time: 2025-03-10 23:06:00 | CPBR sold 12657 IRON_INGOT from spawner for 76K$ (Currency: VAULT)
Time: 2025-03-10 23:06:00 | CPBR sold 3195 POPPY from spawner for 798$ (Currency: VAULT)
Time: 2025-03-10 23:06:49 | CPBR sold 21582 IRON_INGOT from spawner for 129K$ (Currency: VAULT)
Time: 2025-03-10 23:06:49 | CPBR sold 5317 POPPY from spawner for 1329$ (Currency: VAULT)
Time: 2025-03-10 23:07:23 | CPBR sold 23479 IRON_INGOT from spawner for 141K$ (Currency: VAULT)
Time: 2025-03-10 23:07:23 | CPBR sold 5862 POPPY from spawner for 1465$ (Currency: VAULT)
Time: 2025-03-10 23:10:00 | CPBR sold 58112 IRON_INGOT from spawner for 349K$ (Currency: VAULT)
Time: 2025-03-10 23:10:00 | CPBR sold 14708 POPPY from spawner for 3677$ (Currency: VAULT)
Time: 2025-03-10 23:14:09 | CPBR sold 6723 IRON_INGOT from spawner for 40K$ (Currency: VAULT)
Time: 2025-03-10 23:14:09 | CPBR sold 1686 POPPY from spawner for 421$ (Currency: VAULT)
Time: 2025-03-10 23:40:56 | daxkqueue sold 29275 IRON_INGOT from spawner for 176K$ (Currency: VAULT)
Time: 2025-03-10 23:40:56 | daxkqueue sold 7280 POPPY from spawner for 1820$ (Currency: VAULT)
Time: 2025-03-10 23:41:42 | daxkqueue sold 19341 IRON_INGOT from spawner for 116K$ (Currency: VAULT)
Time: 2025-03-10 23:41:42 | daxkqueue sold 4892 POPPY from spawner for 1223$ (Currency: VAULT)
Time: 2025-03-10 23:46:35 | daxkqueue sold 109923 IRON_INGOT from spawner for 660K$ (Currency: VAULT)
Time: 2025-03-10 23:46:35 | daxkqueue sold 27665 POPPY from spawner for 6916$ (Currency: VAULT)
Time: 2025-03-10 23:51:35 | daxkqueue sold 121754 IRON_INGOT from spawner for 731K$ (Currency: VAULT)
Time: 2025-03-10 23:51:35 | daxkqueue sold 30577 POPPY from spawner for 7644$ (Currency: VAULT)
Time: 2025-03-10 23:56:35 | daxkqueue sold 132287 IRON_INGOT from spawner for 794K$ (Currency: VAULT)
Time: 2025-03-10 23:56:35 | daxkqueue sold 33205 POPPY from spawner for 8301$ (Currency: VAULT)
Time: 2025-03-11 00:01:35 | daxkqueue sold 96723 IRON_INGOT from spawner for 580K$ (Currency: VAULT)
Time: 2025-03-11 00:01:35 | daxkqueue sold 24062 POPPY from spawner for 6015$ (Currency: VAULT)
Time: 2025-03-11 00:08:19 | nua sold 20851 LEATHER from spawner for 16K$ (Currency: VAULT)
Time: 2025-03-11 00:08:19 | nua sold 41342 BEEF from spawner for 10K$ (Currency: VAULT)
Time: 2025-03-11 00:08:22 | nua sold 27844 IRON_INGOT from spawner for 167K$ (Currency: VAULT)
Time: 2025-03-11 00:08:22 | nua sold 6922 POPPY from spawner for 1730$ (Currency: VAULT)
Time: 2025-03-11 00:33:40 | nua sold 4057 IRON_INGOT from spawner for 24K$ (Currency: VAULT)
Time: 2025-03-11 00:33:40 | nua sold 1022 POPPY from spawner for 255$ (Currency: VAULT)
Time: 2025-03-11 00:33:43 | nua sold 1099 LEATHER from spawner for 824$ (Currency: VAULT)
Time: 2025-03-11 00:33:43 | nua sold 2142 BEEF from spawner for 535$ (Currency: VAULT)
Time: 2025-03-11 01:01:07 | daxkqueue sold 1428789 IRON_INGOT from spawner for 8.6M$ (Currency: VAULT)
Time: 2025-03-11 01:01:07 | daxkqueue sold 357648 POPPY from spawner for 89K$ (Currency: VAULT)
Time: 2025-03-11 01:42:23 | nua sold 5 IRON_INGOT from spawner for 30$ (Currency: VAULT)
Time: 2025-03-11 01:42:23 | nua sold 2046 ROTTEN_FLESH from spawner for 6138$ (Currency: VAULT)
Time: 2025-03-11 01:42:23 | nua sold 13 CARROT from spawner for 16$ (Currency: VAULT)
Time: 2025-03-11 01:42:23 | nua sold 15 POTATO from spawner for 18$ (Currency: VAULT)
Time: 2025-03-11 01:52:00 | daxkqueue sold 1201402 IRON_INGOT from spawner for 7.2M$ (Currency: VAULT)
Time: 2025-03-11 01:52:00 | daxkqueue sold 301041 POPPY from spawner for 75K$ (Currency: VAULT)
Time: 2025-03-11 13:13:05 | daxkqueue sold 24153 POPPY from spawner for 6038$ (Currency: VAULT)
Time: 2025-03-11 13:13:05 | daxkqueue sold 68923 IRON_INGOT from spawner for 414K$ (Currency: VAULT)
Time: 2025-03-11 13:52:26 | nua sold 10199 POPPY from spawner for 2549$ (Currency: VAULT)
Time: 2025-03-11 13:52:26 | nua sold 3863 IRON_INGOT from spawner for 23K$ (Currency: VAULT)
Time: 2025-03-11 14:03:27 | nua sold 29031 LEATHER from spawner for 22K$ (Currency: VAULT)
Time: 2025-03-11 14:03:27 | nua sold 58550 BEEF from spawner for 15K$ (Currency: VAULT)
Time: 2025-03-11 14:07:54 | daxkqueue sold 112037 POPPY from spawner for 28K$ (Currency: VAULT)
Time: 2025-03-11 14:07:54 | daxkqueue sold 446847 IRON_INGOT from spawner for 2.7M$ (Currency: VAULT)
Time: 2025-03-11 14:46:53 | Kongki_ki sold 845 POPPY from spawner for 211$ (Currency: VAULT)
Time: 2025-03-11 14:46:53 | Kongki_ki sold 1930 IRON_INGOT from spawner for 12K$ (Currency: VAULT)
Time: 2025-03-11 14:46:59 | Kongki_ki sold 42 LEATHER from spawner for 31$ (Currency: VAULT)
Time: 2025-03-11 14:46:59 | Kongki_ki sold 89 BEEF from spawner for 22$ (Currency: VAULT)
Time: 2025-03-11 14:58:05 | Kongki_ki sold 3486 POPPY from spawner for 871$ (Currency: VAULT)
Time: 2025-03-11 14:58:29 | daxkqueue sold 6383 POPPY from spawner for 1595$ (Currency: VAULT)
Time: 2025-03-11 14:58:29 | daxkqueue sold 26006 IRON_INGOT from spawner for 156K$ (Currency: VAULT)
Time: 2025-03-11 14:59:50 | Kongki_ki sold 7328 POPPY from spawner for 1832$ (Currency: VAULT)
Time: 2025-03-11 14:59:50 | Kongki_ki sold 29420 IRON_INGOT from spawner for 177K$ (Currency: VAULT)
Time: 2025-03-11 15:00:46 | Kongki_ki sold 4656 POPPY from spawner for 1164$ (Currency: VAULT)
Time: 2025-03-11 15:00:46 | Kongki_ki sold 18643 IRON_INGOT from spawner for 112K$ (Currency: VAULT)
Time: 2025-03-11 15:01:25 | Kongki_ki sold 7108 POPPY from spawner for 1777$ (Currency: VAULT)
Time: 2025-03-11 15:01:25 | Kongki_ki sold 29032 IRON_INGOT from spawner for 174K$ (Currency: VAULT)
Time: 2025-03-11 15:05:09 | nua sold 4126 POPPY from spawner for 1031$ (Currency: VAULT)
Time: 2025-03-11 15:05:09 | nua sold 6624 IRON_INGOT from spawner for 40K$ (Currency: VAULT)
Time: 2025-03-11 15:05:12 | nua sold 4807 LEATHER from spawner for 3605$ (Currency: VAULT)
Time: 2025-03-11 15:05:12 | nua sold 9305 BEEF from spawner for 2326$ (Currency: VAULT)
Time: 2025-03-11 15:06:16 | nua sold 23144 POPPY from spawner for 5786$ (Currency: VAULT)
Time: 2025-03-11 15:06:16 | nua sold 92372 IRON_INGOT from spawner for 554K$ (Currency: VAULT)
Time: 2025-03-11 15:06:36 | daxkqueue sold 3528 POPPY from spawner for 882$ (Currency: VAULT)
Time: 2025-03-11 15:06:36 | daxkqueue sold 14226 IRON_INGOT from spawner for 85K$ (Currency: VAULT)
Time: 2025-03-11 15:07:30 | daxkqueue sold 5743 POPPY from spawner for 1435$ (Currency: VAULT)
Time: 2025-03-11 15:07:30 | daxkqueue sold 22673 IRON_INGOT from spawner for 136K$ (Currency: VAULT)
Time: 2025-03-11 15:08:38 | daxkqueue sold 5548 POPPY from spawner for 1387$ (Currency: VAULT)
Time: 2025-03-11 15:08:38 | daxkqueue sold 19590 IRON_INGOT from spawner for 118K$ (Currency: VAULT)
Time: 2025-03-11 15:10:08 | nua sold 4100 POPPY from spawner for 1025$ (Currency: VAULT)
Time: 2025-03-11 15:10:08 | nua sold 16446 IRON_INGOT from spawner for 99K$ (Currency: VAULT)
Time: 2025-03-11 15:11:15 | daxkqueue sold 5196 POPPY from spawner for 1299$ (Currency: VAULT)
Time: 2025-03-11 15:11:15 | daxkqueue sold 20471 IRON_INGOT from spawner for 123K$ (Currency: VAULT)
Time: 2025-03-11 15:11:43 | nua sold 6030 POPPY from spawner for 1507$ (Currency: VAULT)
Time: 2025-03-11 15:11:43 | nua sold 24200 IRON_INGOT from spawner for 145K$ (Currency: VAULT)
Time: 2025-03-11 15:12:29 | nua sold 6644 POPPY from spawner for 1661$ (Currency: VAULT)
Time: 2025-03-11 15:12:29 | nua sold 26466 IRON_INGOT from spawner for 159K$ (Currency: VAULT)
Time: 2025-03-11 15:13:23 | nua sold 7055 POPPY from spawner for 1763$ (Currency: VAULT)
Time: 2025-03-11 15:13:23 | nua sold 27899 IRON_INGOT from spawner for 167K$ (Currency: VAULT)
Time: 2025-03-11 15:13:56 | nua sold 4317 POPPY from spawner for 1079$ (Currency: VAULT)
Time: 2025-03-11 15:13:56 | nua sold 16952 IRON_INGOT from spawner for 102K$ (Currency: VAULT)
Time: 2025-03-11 15:14:48 | nua sold 7658 POPPY from spawner for 1914$ (Currency: VAULT)
Time: 2025-03-11 15:14:48 | nua sold 31233 IRON_INGOT from spawner for 187K$ (Currency: VAULT)
Time: 2025-03-11 15:16:11 | nua sold 10838 POPPY from spawner for 2709$ (Currency: VAULT)
Time: 2025-03-11 15:16:11 | nua sold 43629 IRON_INGOT from spawner for 262K$ (Currency: VAULT)
Time: 2025-03-11 15:18:47 | nua sold 14593 POPPY from spawner for 3648$ (Currency: VAULT)
Time: 2025-03-11 15:18:47 | nua sold 58238 IRON_INGOT from spawner for 349K$ (Currency: VAULT)
Time: 2025-03-11 15:20:02 | nua sold 5166 POPPY from spawner for 1291$ (Currency: VAULT)
Time: 2025-03-11 15:20:02 | nua sold 20534 IRON_INGOT from spawner for 123K$ (Currency: VAULT)
Time: 2025-03-11 15:20:37 | nua sold 2035 POPPY from spawner for 508$ (Currency: VAULT)
Time: 2025-03-11 15:20:37 | nua sold 8109 IRON_INGOT from spawner for 49K$ (Currency: VAULT)
Time: 2025-03-11 15:21:44 | nua sold 5971 POPPY from spawner for 1492$ (Currency: VAULT)
Time: 2025-03-11 15:21:44 | nua sold 23593 IRON_INGOT from spawner for 142K$ (Currency: VAULT)
Time: 2025-03-11 15:22:43 | nua sold 6306 POPPY from spawner for 1576$ (Currency: VAULT)
Time: 2025-03-11 15:22:43 | nua sold 25553 IRON_INGOT from spawner for 153K$ (Currency: VAULT)
Time: 2025-03-11 15:23:04 | nua sold 7742 POPPY from spawner for 1935$ (Currency: VAULT)
Time: 2025-03-11 15:23:04 | nua sold 30809 IRON_INGOT from spawner for 185K$ (Currency: VAULT)
Time: 2025-03-11 15:23:41 | nua sold 5503 POPPY from spawner for 1375$ (Currency: VAULT)
Time: 2025-03-11 15:23:41 | nua sold 21760 IRON_INGOT from spawner for 131K$ (Currency: VAULT)
Time: 2025-03-11 15:25:20 | nua sold 9165 POPPY from spawner for 2291$ (Currency: VAULT)
Time: 2025-03-11 15:25:20 | nua sold 36812 IRON_INGOT from spawner for 221K$ (Currency: VAULT)
Time: 2025-03-11 15:26:20 | nua sold 2418 POPPY from spawner for 604$ (Currency: VAULT)
Time: 2025-03-11 15:26:20 | nua sold 9458 IRON_INGOT from spawner for 57K$ (Currency: VAULT)
Time: 2025-03-11 15:26:51 | nua sold 4351 POPPY from spawner for 1087$ (Currency: VAULT)
Time: 2025-03-11 15:26:51 | nua sold 17667 IRON_INGOT from spawner for 106K$ (Currency: VAULT)
Time: 2025-03-11 15:27:38 | nua sold 4531 POPPY from spawner for 1132$ (Currency: VAULT)
Time: 2025-03-11 15:27:38 | nua sold 18319 IRON_INGOT from spawner for 110K$ (Currency: VAULT)
Time: 2025-03-11 15:29:51 | nua sold 14964 POPPY from spawner for 3741$ (Currency: VAULT)
Time: 2025-03-11 15:29:51 | nua sold 59791 IRON_INGOT from spawner for 359K$ (Currency: VAULT)
Time: 2025-03-11 15:31:02 | nua sold 5052 POPPY from spawner for 1263$ (Currency: VAULT)
Time: 2025-03-11 15:31:02 | nua sold 20209 IRON_INGOT from spawner for 121K$ (Currency: VAULT)
Time: 2025-03-11 15:31:22 | nua sold 7484 POPPY from spawner for 1871$ (Currency: VAULT)
Time: 2025-03-11 15:31:22 | nua sold 30231 IRON_INGOT from spawner for 181K$ (Currency: VAULT)
Time: 2025-03-11 15:32:11 | nua sold 5516 POPPY from spawner for 1379$ (Currency: VAULT)
Time: 2025-03-11 15:32:11 | nua sold 21667 IRON_INGOT from spawner for 130K$ (Currency: VAULT)
Time: 2025-03-11 15:33:07 | nua sold 3091 POPPY from spawner for 772$ (Currency: VAULT)
Time: 2025-03-11 15:33:07 | nua sold 12241 IRON_INGOT from spawner for 73K$ (Currency: VAULT)
Time: 2025-03-11 15:33:27 | nua sold 2994 POPPY from spawner for 748$ (Currency: VAULT)
Time: 2025-03-11 15:33:27 | nua sold 12125 IRON_INGOT from spawner for 73K$ (Currency: VAULT)
Time: 2025-03-11 15:34:18 | nua sold 4679 POPPY from spawner for 1169$ (Currency: VAULT)
Time: 2025-03-11 15:34:18 | nua sold 18612 IRON_INGOT from spawner for 112K$ (Currency: VAULT)
Time: 2025-03-11 15:35:11 | nua sold 6287 POPPY from spawner for 1571$ (Currency: VAULT)
Time: 2025-03-11 15:35:11 | nua sold 25470 IRON_INGOT from spawner for 153K$ (Currency: VAULT)
Time: 2025-03-11 15:35:45 | nua sold 3405 POPPY from spawner for 851$ (Currency: VAULT)
Time: 2025-03-11 15:35:45 | nua sold 13801 IRON_INGOT from spawner for 83K$ (Currency: VAULT)
Time: 2025-03-11 15:36:25 | nua sold 5736 POPPY from spawner for 1434$ (Currency: VAULT)
Time: 2025-03-11 15:36:25 | nua sold 23094 IRON_INGOT from spawner for 139K$ (Currency: VAULT)
Time: 2025-03-11 15:37:35 | nua sold 3868 POPPY from spawner for 967$ (Currency: VAULT)
Time: 2025-03-11 15:37:35 | nua sold 15304 IRON_INGOT from spawner for 92K$ (Currency: VAULT)
Time: 2025-03-11 15:38:52 | nua sold 12060 POPPY from spawner for 3015$ (Currency: VAULT)
Time: 2025-03-11 15:38:52 | nua sold 47629 IRON_INGOT from spawner for 286K$ (Currency: VAULT)
Time: 2025-03-11 15:39:39 | nua sold 5996 POPPY from spawner for 1499$ (Currency: VAULT)
Time: 2025-03-11 15:39:39 | nua sold 23908 IRON_INGOT from spawner for 143K$ (Currency: VAULT)
Time: 2025-03-11 15:40:10 | nua sold 6632 POPPY from spawner for 1658$ (Currency: VAULT)
Time: 2025-03-11 15:40:10 | nua sold 26291 IRON_INGOT from spawner for 158K$ (Currency: VAULT)
Time: 2025-03-11 15:46:41 | daxkqueue sold 9474 POPPY from spawner for 2368$ (Currency: VAULT)
Time: 2025-03-11 15:46:41 | daxkqueue sold 37908 IRON_INGOT from spawner for 227K$ (Currency: VAULT)
Time: 2025-03-11 15:57:00 | Kongki_ki sold 35247 POPPY from spawner for 8811$ (Currency: VAULT)
Time: 2025-03-11 15:57:00 | Kongki_ki sold 139734 IRON_INGOT from spawner for 838K$ (Currency: VAULT)
Time: 2025-03-11 16:02:26 | Kongki_ki sold 29177 POPPY from spawner for 7294$ (Currency: VAULT)
Time: 2025-03-11 16:02:26 | Kongki_ki sold 116613 IRON_INGOT from spawner for 700K$ (Currency: VAULT)
Time: 2025-03-11 16:03:44 | daxkqueue sold 5446 POPPY from spawner for 1361$ (Currency: VAULT)
Time: 2025-03-11 16:03:44 | daxkqueue sold 21650 IRON_INGOT from spawner for 130K$ (Currency: VAULT)
Time: 2025-03-11 19:48:52 | nua sold 29628 IRON_INGOT from spawner for 178K$ (Currency: VAULT)
Time: 2025-03-11 19:48:52 | nua sold 7465 POPPY from spawner for 1866$ (Currency: VAULT)
Time: 2025-03-11 19:49:46 | nua sold 13457 IRON_INGOT from spawner for 81K$ (Currency: VAULT)
Time: 2025-03-11 19:49:46 | nua sold 3334 POPPY from spawner for 833$ (Currency: VAULT)
Time: 2025-03-11 19:50:58 | nua sold 28556 IRON_INGOT from spawner for 171K$ (Currency: VAULT)
Time: 2025-03-11 19:50:58 | nua sold 7210 POPPY from spawner for 1802$ (Currency: VAULT)
Time: 2025-03-11 19:51:44 | nua sold 20116 IRON_INGOT from spawner for 121K$ (Currency: VAULT)
Time: 2025-03-11 19:51:44 | nua sold 4900 POPPY from spawner for 1225$ (Currency: VAULT)
Time: 2025-03-11 19:52:46 | nua sold 28830 IRON_INGOT from spawner for 173K$ (Currency: VAULT)
Time: 2025-03-11 19:52:46 | nua sold 7311 POPPY from spawner for 1827$ (Currency: VAULT)
Time: 2025-03-11 19:54:01 | nua sold 22414 IRON_INGOT from spawner for 134K$ (Currency: VAULT)
Time: 2025-03-11 19:54:01 | nua sold 5578 POPPY from spawner for 1394$ (Currency: VAULT)
Time: 2025-03-11 19:55:44 | nua sold 65073 IRON_INGOT from spawner for 390K$ (Currency: VAULT)
Time: 2025-03-11 19:55:44 | nua sold 16217 POPPY from spawner for 4054$ (Currency: VAULT)
Time: 2025-03-11 19:56:24 | nua sold 13578 IRON_INGOT from spawner for 81K$ (Currency: VAULT)
Time: 2025-03-11 19:56:24 | nua sold 3340 POPPY from spawner for 835$ (Currency: VAULT)
Time: 2025-03-11 19:57:09 | nua sold 20310 IRON_INGOT from spawner for 122K$ (Currency: VAULT)
Time: 2025-03-11 19:57:09 | nua sold 5054 POPPY from spawner for 1263$ (Currency: VAULT)
Time: 2025-03-11 19:58:09 | nua sold 16579 IRON_INGOT from spawner for 99K$ (Currency: VAULT)
Time: 2025-03-11 19:58:09 | nua sold 4247 POPPY from spawner for 1061$ (Currency: VAULT)
Time: 2025-03-11 19:58:44 | nua sold 13544 IRON_INGOT from spawner for 81K$ (Currency: VAULT)
Time: 2025-03-11 19:58:44 | nua sold 3399 POPPY from spawner for 849$ (Currency: VAULT)
Time: 2025-03-11 19:59:55 | nua sold 18370 IRON_INGOT from spawner for 110K$ (Currency: VAULT)
Time: 2025-03-11 19:59:55 | nua sold 4620 POPPY from spawner for 1155$ (Currency: VAULT)
Time: 2025-03-11 20:00:51 | nua sold 38499 IRON_INGOT from spawner for 231K$ (Currency: VAULT)
Time: 2025-03-11 20:00:51 | nua sold 9418 POPPY from spawner for 2354$ (Currency: VAULT)
Time: 2025-03-11 20:03:31 | nua sold 48870 IRON_INGOT from spawner for 293K$ (Currency: VAULT)
Time: 2025-03-11 20:03:31 | nua sold 11962 POPPY from spawner for 2990$ (Currency: VAULT)
Time: 2025-03-11 20:04:07 | nua sold 32061 IRON_INGOT from spawner for 192K$ (Currency: VAULT)
Time: 2025-03-11 20:04:07 | nua sold 8111 POPPY from spawner for 2027$ (Currency: VAULT)
Time: 2025-03-11 20:06:20 | nua sold 64493 IRON_INGOT from spawner for 387K$ (Currency: VAULT)
Time: 2025-03-11 20:06:20 | nua sold 16189 POPPY from spawner for 4047$ (Currency: VAULT)
Time: 2025-03-11 20:07:05 | nua sold 23094 IRON_INGOT from spawner for 139K$ (Currency: VAULT)
Time: 2025-03-11 20:07:05 | nua sold 5758 POPPY from spawner for 1439$ (Currency: VAULT)
Time: 2025-03-11 20:07:48 | nua sold 9195 IRON_INGOT from spawner for 55K$ (Currency: VAULT)
Time: 2025-03-11 20:07:48 | nua sold 2229 POPPY from spawner for 557$ (Currency: VAULT)
Time: 2025-03-11 20:08:49 | nua sold 16322 IRON_INGOT from spawner for 98K$ (Currency: VAULT)
Time: 2025-03-11 20:08:49 | nua sold 4074 POPPY from spawner for 1018$ (Currency: VAULT)
Time: 2025-03-11 20:09:15 | nua sold 32484 IRON_INGOT from spawner for 195K$ (Currency: VAULT)
Time: 2025-03-11 20:09:15 | nua sold 8065 POPPY from spawner for 2016$ (Currency: VAULT)
Time: 2025-03-11 20:10:30 | nua sold 24595 IRON_INGOT from spawner for 148K$ (Currency: VAULT)
Time: 2025-03-11 20:10:30 | nua sold 6122 POPPY from spawner for 1530$ (Currency: VAULT)
Time: 2025-03-11 20:11:12 | nua sold 13931 IRON_INGOT from spawner for 84K$ (Currency: VAULT)
Time: 2025-03-11 20:11:12 | nua sold 3537 POPPY from spawner for 884$ (Currency: VAULT)
Time: 2025-03-11 20:11:32 | nua sold 29751 IRON_INGOT from spawner for 179K$ (Currency: VAULT)
Time: 2025-03-11 20:11:32 | nua sold 7437 POPPY from spawner for 1859$ (Currency: VAULT)
Time: 2025-03-11 20:13:11 | nua sold 52268 IRON_INGOT from spawner for 314K$ (Currency: VAULT)
Time: 2025-03-11 20:13:11 | nua sold 12983 POPPY from spawner for 3245$ (Currency: VAULT)
Time: 2025-03-11 20:23:15 | nua sold 120373 IRON_INGOT from spawner for 722K$ (Currency: VAULT)
Time: 2025-03-11 20:23:15 | nua sold 30048 POPPY from spawner for 7512$ (Currency: VAULT)
Time: 2025-03-11 20:39:46 | nua sold 483753 IRON_INGOT from spawner for 2.9M$ (Currency: VAULT)
Time: 2025-03-11 20:39:46 | nua sold 120969 POPPY from spawner for 30K$ (Currency: VAULT)
Time: 2025-03-11 20:46:56 | nua sold 208071 IRON_INGOT from spawner for 1.2M$ (Currency: VAULT)
Time: 2025-03-11 20:46:56 | nua sold 52080 POPPY from spawner for 13K$ (Currency: VAULT)
Time: 2025-03-11 20:48:53 | nua sold 12777 IRON_INGOT from spawner for 77K$ (Currency: VAULT)
Time: 2025-03-11 20:48:53 | nua sold 3208 POPPY from spawner for 802$ (Currency: VAULT)
Time: 2025-03-11 21:05:51 | nua sold 520371 IRON_INGOT from spawner for 3.1M$ (Currency: VAULT)
Time: 2025-03-11 21:05:51 | nua sold 129955 POPPY from spawner for 32K$ (Currency: VAULT)
Time: 2025-03-11 21:13:47 | nua sold 248019 IRON_INGOT from spawner for 1.5M$ (Currency: VAULT)
Time: 2025-03-11 21:13:47 | nua sold 62429 POPPY from spawner for 16K$ (Currency: VAULT)
Time: 2025-03-11 21:15:08 | nua sold 46395 IRON_INGOT from spawner for 278K$ (Currency: VAULT)
Time: 2025-03-11 21:15:08 | nua sold 11674 POPPY from spawner for 2918$ (Currency: VAULT)
Time: 2025-03-11 21:22:26 | nua sold 2607 IRON_INGOT from spawner for 16K$ (Currency: VAULT)
Time: 2025-03-11 21:22:26 | nua sold 629 POPPY from spawner for 157$ (Currency: VAULT)
Time: 2025-03-11 21:31:13 | Nano42515Nano sold 25 IRON_INGOT from spawner for 150$ (Currency: VAULT)
Time: 2025-03-11 21:31:13 | Nano42515Nano sold 5 POPPY from spawner for 1$ (Currency: VAULT)
Time: 2025-03-11 21:31:19 | Nano42515Nano sold 144 LEATHER from spawner for 108$ (Currency: VAULT)
Time: 2025-03-11 21:31:19 | Nano42515Nano sold 265 BEEF from spawner for 66$ (Currency: VAULT)
Time: 2025-03-11 21:31:23 | Nano42515Nano sold 9 BLAZE_ROD from spawner for 90$ (Currency: VAULT)
Time: 2025-03-11 21:34:56 | Nano42515Nano sold 45541 IRON_INGOT from spawner for 273K$ (Currency: VAULT)
Time: 2025-03-11 21:34:56 | Nano42515Nano sold 11287 POPPY from spawner for 2821$ (Currency: VAULT)
Time: 2025-03-11 21:35:35 | Nano42515Nano sold 11511 IRON_INGOT from spawner for 69K$ (Currency: VAULT)
Time: 2025-03-11 21:35:35 | Nano42515Nano sold 2871 POPPY from spawner for 717$ (Currency: VAULT)
Time: 2025-03-11 21:47:39 | Nano42515Nano sold 5574 POPPY from spawner for 1393$ (Currency: VAULT)
Time: 2025-03-11 21:47:39 | Nano42515Nano sold 22495 IRON_INGOT from spawner for 135K$ (Currency: VAULT)
Time: 2025-03-11 21:49:28 | Nano42515Nano sold 12502 POPPY from spawner for 3125$ (Currency: VAULT)
Time: 2025-03-11 21:49:28 | Nano42515Nano sold 49272 IRON_INGOT from spawner for 296K$ (Currency: VAULT)
Time: 2025-03-11 21:50:00 | Nano42515Nano sold 4136 POPPY from spawner for 1034$ (Currency: VAULT)
Time: 2025-03-11 21:50:00 | Nano42515Nano sold 16173 IRON_INGOT from spawner for 97K$ (Currency: VAULT)
Time: 2025-03-11 21:52:46 | nua sold 6255 POPPY from spawner for 1563$ (Currency: VAULT)
Time: 2025-03-11 21:52:51 | nua sold 34915 BEEF from spawner for 8728$ (Currency: VAULT)
Time: 2025-03-11 21:52:51 | nua sold 17510 LEATHER from spawner for 13K$ (Currency: VAULT)
Time: 2025-03-11 22:18:46 | CPBR sold 107121 POPPY from spawner for 27K$ (Currency: VAULT)
Time: 2025-03-11 22:18:46 | CPBR sold 429277 IRON_INGOT from spawner for 2.6M$ (Currency: VAULT)
Time: 2025-03-11 22:19:37 | CPBR sold 5695 POPPY from spawner for 1423$ (Currency: VAULT)
Time: 2025-03-11 22:19:37 | CPBR sold 23262 IRON_INGOT from spawner for 140K$ (Currency: VAULT)
Time: 2025-03-11 22:34:13 | nua sold 10812 POPPY from spawner for 2703$ (Currency: VAULT)
Time: 2025-03-11 22:34:13 | nua sold 34672 IRON_INGOT from spawner for 208K$ (Currency: VAULT)
Time: 2025-03-11 22:37:38 | CPBR sold 3771 POPPY from spawner for 942$ (Currency: VAULT)
Time: 2025-03-11 22:37:38 | CPBR sold 15080 IRON_INGOT from spawner for 90K$ (Currency: VAULT)
Time: 2025-03-11 22:49:01 | CPBR sold 4649 POPPY from spawner for 1162$ (Currency: VAULT)
Time: 2025-03-11 22:49:01 | CPBR sold 18693 IRON_INGOT from spawner for 112K$ (Currency: VAULT)
Time: 2025-03-11 22:49:17 | nua sold 6982 POPPY from spawner for 1745$ (Currency: VAULT)
Time: 2025-03-11 22:49:17 | nua sold 27816 IRON_INGOT from spawner for 167K$ (Currency: VAULT)
Time: 2025-03-11 23:10:11 | CPBR sold 12849 POPPY from spawner for 3212$ (Currency: VAULT)
Time: 2025-03-11 23:10:11 | CPBR sold 51639 IRON_INGOT from spawner for 310K$ (Currency: VAULT)
Time: 2025-03-11 23:12:16 | CPBR sold 9288 POPPY from spawner for 2322$ (Currency: VAULT)
Time: 2025-03-11 23:12:16 | CPBR sold 37894 IRON_INGOT from spawner for 227K$ (Currency: VAULT)
Time: 2025-03-11 23:13:48 | CPBR sold 13672 POPPY from spawner for 3418$ (Currency: VAULT)
Time: 2025-03-11 23:13:48 | CPBR sold 54955 IRON_INGOT from spawner for 330K$ (Currency: VAULT)
Time: 2025-03-11 23:14:43 | CPBR sold 4456 POPPY from spawner for 1114$ (Currency: VAULT)
Time: 2025-03-11 23:14:43 | CPBR sold 17379 IRON_INGOT from spawner for 104K$ (Currency: VAULT)
Time: 2025-03-11 23:18:36 | CPBR sold 28176 POPPY from spawner for 7044$ (Currency: VAULT)
Time: 2025-03-11 23:18:36 | CPBR sold 112412 IRON_INGOT from spawner for 674K$ (Currency: VAULT)
Time: 2025-03-11 23:19:16 | CPBR sold 4844 POPPY from spawner for 1211$ (Currency: VAULT)
Time: 2025-03-11 23:19:16 | CPBR sold 19689 IRON_INGOT from spawner for 118K$ (Currency: VAULT)
Time: 2025-03-11 23:20:22 | CPBR sold 3801 POPPY from spawner for 950$ (Currency: VAULT)
Time: 2025-03-11 23:20:22 | CPBR sold 14883 IRON_INGOT from spawner for 89K$ (Currency: VAULT)
Time: 2025-03-11 23:23:32 | CPBR sold 17326 POPPY from spawner for 4331$ (Currency: VAULT)
Time: 2025-03-11 23:23:32 | CPBR sold 69765 IRON_INGOT from spawner for 419K$ (Currency: VAULT)
Time: 2025-03-11 23:25:28 | CPBR sold 7668 POPPY from spawner for 1917$ (Currency: VAULT)
Time: 2025-03-11 23:25:28 | CPBR sold 30957 IRON_INGOT from spawner for 186K$ (Currency: VAULT)
Time: 2025-03-11 23:27:14 | nua sold 20540 POPPY from spawner for 5135$ (Currency: VAULT)
Time: 2025-03-11 23:27:14 | nua sold 83087 IRON_INGOT from spawner for 499K$ (Currency: VAULT)
Time: 2025-03-11 23:47:07 | CPBR sold 91286 POPPY from spawner for 23K$ (Currency: VAULT)
Time: 2025-03-11 23:47:07 | CPBR sold 364678 IRON_INGOT from spawner for 2.2M$ (Currency: VAULT)
Time: 2025-03-11 23:57:57 | CPBR sold 46741 POPPY from spawner for 12K$ (Currency: VAULT)
Time: 2025-03-11 23:57:57 | CPBR sold 185823 IRON_INGOT from spawner for 1.1M$ (Currency: VAULT)
Time: 2025-03-12 00:06:26 | CPBR sold 51913 BEEF from spawner for 13K$ (Currency: VAULT)
Time: 2025-03-12 00:06:26 | CPBR sold 25877 LEATHER from spawner for 19K$ (Currency: VAULT)
Time: 2025-03-12 00:20:47 | nua sold 38729 POPPY from spawner for 9682$ (Currency: VAULT)
Time: 2025-03-12 00:20:47 | nua sold 155096 IRON_INGOT from spawner for 931K$ (Currency: VAULT)
Time: 2025-03-12 00:39:41 | nua sold 51202 POPPY from spawner for 13K$ (Currency: VAULT)
Time: 2025-03-12 00:39:41 | nua sold 204767 IRON_INGOT from spawner for 1.2M$ (Currency: VAULT)
Time: 2025-03-12 00:39:54 | nua sold 13079 BEEF from spawner for 3269$ (Currency: VAULT)
Time: 2025-03-12 00:39:54 | nua sold 6616 LEATHER from spawner for 4962$ (Currency: VAULT)
Time: 2025-03-12 14:19:37 | nua sold 103812 IRON_INGOT from spawner for 623K$ (Currency: VAULT)
Time: 2025-03-12 14:19:37 | nua sold 26058 POPPY from spawner for 6514$ (Currency: VAULT)
Time: 2025-03-12 15:01:47 | nua sold 7777 POPPY from spawner for 1944$ (Currency: VAULT)
Time: 2025-03-12 15:04:58 | nua sold 71624 IRON_INGOT from spawner for 430K$ (Currency: VAULT)
Time: 2025-03-12 15:04:58 | nua sold 18101 POPPY from spawner for 4525$ (Currency: VAULT)
Time: 2025-03-12 20:11:33 | nua sold 20988 POPPY from spawner for 5247$ (Currency: VAULT)
Time: 2025-03-12 20:18:07 | CPBR sold 15341 POPPY from spawner for 3835$ (Currency: VAULT)
Time: 2025-03-12 22:02:33 | CPBR sold 113189 POPPY from spawner for 28K$ (Currency: VAULT)
Time: 2025-03-12 22:04:09 | CPBR sold 11013 POPPY from spawner for 2753$ (Currency: VAULT)
Time: 2025-03-12 22:04:09 | CPBR sold 44822 IRON_INGOT from spawner for 269K$ (Currency: VAULT)
Time: 2025-03-12 22:21:32 | nua sold 31410 POPPY from spawner for 7852$ (Currency: VAULT)
Time: 2025-03-12 22:21:32 | nua sold 125513 IRON_INGOT from spawner for 753K$ (Currency: VAULT)
Time: 2025-03-12 22:46:41 | CPBR sold 128003 POPPY from spawner for 32K$ (Currency: VAULT)
Time: 2025-03-12 22:46:41 | CPBR sold 512678 IRON_INGOT from spawner for 3.1M$ (Currency: VAULT)
Time: 2025-03-12 22:52:09 | nua sold 30806 POPPY from spawner for 7701$ (Currency: VAULT)
Time: 2025-03-12 22:52:09 | nua sold 123221 IRON_INGOT from spawner for 739K$ (Currency: VAULT)
Time: 2025-03-13 00:33:42 | nua sold 186379 POPPY from spawner for 47K$ (Currency: VAULT)
Time: 2025-03-13 00:33:42 | nua sold 745261 IRON_INGOT from spawner for 4.5M$ (Currency: VAULT)
Time: 2025-03-13 00:48:53 | nua sold 83717 LEATHER from spawner for 63K$ (Currency: VAULT)
Time: 2025-03-13 00:48:53 | nua sold 167806 BEEF from spawner for 42K$ (Currency: VAULT)
Time: 2025-03-13 00:48:57 | nua sold 46837 POPPY from spawner for 12K$ (Currency: VAULT)
Time: 2025-03-13 00:48:57 | nua sold 186653 IRON_INGOT from spawner for 1.1M$ (Currency: VAULT)
Time: 2025-03-13 01:11:55 | nua sold 7562 LEATHER from spawner for 5671$ (Currency: VAULT)
Time: 2025-03-13 01:11:55 | nua sold 14910 BEEF from spawner for 3727$ (Currency: VAULT)
Time: 2025-03-13 20:11:11 | BravePLN23 sold 13 CARROT from spawner for 16$ (Currency: VAULT)
Time: 2025-03-13 20:11:11 | BravePLN23 sold 1357 ROTTEN_FLESH from spawner for 4071$ (Currency: VAULT)
Time: 2025-03-13 20:11:11 | BravePLN23 sold 3 IRON_INGOT from spawner for 18$ (Currency: VAULT)
Time: 2025-03-13 20:11:11 | BravePLN23 sold 21 POTATO from spawner for 26$ (Currency: VAULT)
Time: 2025-03-13 20:11:41 | BravePLN23 sold 58637 IRON_INGOT from spawner for 352K$ (Currency: VAULT)
Time: 2025-03-13 20:11:41 | BravePLN23 sold 134388 POPPY from spawner for 34K$ (Currency: VAULT)
Time: 2025-03-13 20:17:27 | daxkqueue sold 45223 IRON_INGOT from spawner for 271K$ (Currency: VAULT)
Time: 2025-03-13 20:17:27 | daxkqueue sold 11150 POPPY from spawner for 2787$ (Currency: VAULT)
Time: 2025-03-13 20:21:18 | daxkqueue sold 6927 POPPY from spawner for 1731$ (Currency: VAULT)
Time: 2025-03-13 20:23:53 | BravePLN23 sold 2612 IRON_INGOT from spawner for 16K$ (Currency: VAULT)
Time: 2025-03-13 20:23:53 | BravePLN23 sold 644 POPPY from spawner for 161$ (Currency: VAULT)
Time: 2025-03-13 20:23:56 | BravePLN23 sold 9 BEEF from spawner for 2$ (Currency: VAULT)
Time: 2025-03-13 20:23:56 | BravePLN23 sold 1 LEATHER from spawner for 0$ (Currency: VAULT)
Time: 2025-03-13 20:26:49 | daxkqueue sold 230016 IRON_INGOT from spawner for 1.4M$ (Currency: VAULT)
Time: 2025-03-13 20:26:49 | daxkqueue sold 57278 POPPY from spawner for 14K$ (Currency: VAULT)
Time: 2025-03-13 20:29:19 | daxkqueue sold 141866 IRON_INGOT from spawner for 851K$ (Currency: VAULT)
Time: 2025-03-13 20:29:19 | daxkqueue sold 35742 POPPY from spawner for 8935$ (Currency: VAULT)
Time: 2025-03-13 20:35:00 | CPBR sold 12676 IRON_INGOT from spawner for 76K$ (Currency: VAULT)
Time: 2025-03-13 20:35:00 | CPBR sold 3139 POPPY from spawner for 784$ (Currency: VAULT)
Time: 2025-03-13 20:37:22 | SUPASTRRAR sold 59654 IRON_INGOT from spawner for 358K$ (Currency: VAULT)
Time: 2025-03-13 20:37:22 | SUPASTRRAR sold 14865 POPPY from spawner for 3716$ (Currency: VAULT)
Time: 2025-03-13 20:39:59 | SUPASTRRAR sold 56021 IRON_INGOT from spawner for 336K$ (Currency: VAULT)
Time: 2025-03-13 20:39:59 | SUPASTRRAR sold 13982 POPPY from spawner for 3495$ (Currency: VAULT)
Time: 2025-03-13 21:34:33 | CPBR sold 435083 IRON_INGOT from spawner for 2.6M$ (Currency: VAULT)
Time: 2025-03-13 21:34:33 | CPBR sold 108653 POPPY from spawner for 27K$ (Currency: VAULT)
Time: 2025-03-13 21:40:19 | daxkqueue sold 758232 IRON_INGOT from spawner for 4.5M$ (Currency: VAULT)
Time: 2025-03-13 21:40:19 | daxkqueue sold 189926 POPPY from spawner for 47K$ (Currency: VAULT)
Time: 2025-03-13 21:45:10 | daxkqueue sold 212180 IRON_INGOT from spawner for 1.3M$ (Currency: VAULT)
Time: 2025-03-13 21:45:10 | daxkqueue sold 53025 POPPY from spawner for 13K$ (Currency: VAULT)
Time: 2025-03-13 21:58:17 | nua sold 71386 IRON_INGOT from spawner for 428K$ (Currency: VAULT)
Time: 2025-03-13 21:58:17 | nua sold 17874 POPPY from spawner for 4468$ (Currency: VAULT)
Time: 2025-03-13 21:58:39 | Nano42515Nano sold 183 ROTTEN_FLESH from spawner for 549$ (Currency: VAULT)
Time: 2025-03-13 21:58:39 | Nano42515Nano sold 2 IRON_INGOT from spawner for 12$ (Currency: VAULT)
Time: 2025-03-13 21:58:39 | Nano42515Nano sold 1 POTATO from spawner for 1$ (Currency: VAULT)
Time: 2025-03-13 23:26:01 | nua sold 185095 BEEF from spawner for 46K$ (Currency: VAULT)
Time: 2025-03-13 23:26:01 | nua sold 92504 LEATHER from spawner for 69K$ (Currency: VAULT)
Time: 2025-03-14 00:12:50 | nua sold 1035423 IRON_INGOT from spawner for 6.2M$ (Currency: VAULT)
Time: 2025-03-14 00:12:50 | nua sold 259301 POPPY from spawner for 65K$ (Currency: VAULT)
Time: 2025-03-14 00:15:02 | nua sold 49961 IRON_INGOT from spawner for 300K$ (Currency: VAULT)
Time: 2025-03-14 00:15:02 | nua sold 12416 POPPY from spawner for 3104$ (Currency: VAULT)
Time: 2025-03-14 00:15:56 | nua sold 11708 IRON_INGOT from spawner for 70K$ (Currency: VAULT)
Time: 2025-03-14 00:15:56 | nua sold 2856 POPPY from spawner for 714$ (Currency: VAULT)
Time: 2025-03-14 00:16:51 | nua sold 21407 IRON_INGOT from spawner for 128K$ (Currency: VAULT)
Time: 2025-03-14 00:16:51 | nua sold 5445 POPPY from spawner for 1361$ (Currency: VAULT)
Time: 2025-03-14 00:38:08 | nua sold 20825 IRON_INGOT from spawner for 125K$ (Currency: VAULT)
Time: 2025-03-14 00:38:08 | nua sold 5140 POPPY from spawner for 1285$ (Currency: VAULT)
Time: 2025-03-14 00:38:11 | nua sold 1545255 BEEF from spawner for 386K$ (Currency: VAULT)
Time: 2025-03-14 00:38:11 | nua sold 772392 LEATHER from spawner for 579K$ (Currency: VAULT)
Time: 2025-03-14 00:38:22 | nua sold 16664 IRON_INGOT from spawner for 100K$ (Currency: VAULT)
Time: 2025-03-14 00:38:22 | nua sold 4168 POPPY from spawner for 1042$ (Currency: VAULT)
